step,seed,success_rate,mean_score
100,42,0.0,4.24
200,42,0.0,7.94
300,42,0.0,8.96
400,42,0.0,9.68
500,42,0.0,9.72
600,42,0.0,9.84
700,42,0.0,10.04
800,42,0.0,10.12
900,42,0.0,10.12
1000,42,0.0,10.08
1100,42,0.0,10.14
1200,42,0.0,10.18
1300,42,0.0,10.14
1400,42,0.0,10.16
1500,42,0.0,10.18
1600,42,0.0,10.08
1700,42,0.0,10.22
1800,42,0.0,10.34
1900,42,0.0,10.28
2000,42,0.0,10.54
2100,42,0.0,10.46
2200,42,0.0,10.28
2300,42,0.0,10.34
2400,42,0.0,10.44
2500,42,0.0,10.76
2600,42,0.0,10.42
2700,42,0.0,10.58
2800,42,0.0,10.78
2900,42,0.0,11.06
3000,42,0.0,10.54
3100,42,0.0,10.82
3200,42,0.0,10.68
3300,42,0.0,10.84
3400,42,0.0,10.88
3500,42,0.0,11.42
3600,42,0.0,11.68
3700,42,0.0,11.5
3800,42,0.0,11.04
3900,42,0.0,11.12
4000,42,0.0,11.34
4100,42,0.0,11.26
4200,42,0.0,11.08
4300,42,0.0,11.54
4400,42,0.0,11.72
4500,42,0.0,11.12
4600,42,0.04,11.7
4700,42,0.02,12.16
4800,42,0.02,11.86
4900,42,0.04,11.84
5000,42,0.04,12.2
5100,42,0.06,12.62
5200,42,0.04,12.82
5300,42,0.08,12.16
5400,42,0.12,13.02
5500,42,0.1,12.38
5600,42,0.02,12.24
5700,42,0.1,12.92
5800,42,0.14,12.68
5900,42,0.18,13.52
6000,42,0.24,13.32
6100,42,0.16,13.36
6200,42,0.16,12.88
6300,42,0.16,12.98
6400,42,0.14,13.12
6500,42,0.24,13.56
6600,42,0.14,12.74
6700,42,0.26,13.58
6800,42,0.14,13.26
6900,42,0.36,13.64
7000,42,0.26,13.52
7100,42,0.34,13.34
7200,42,0.32,13.46
7300,42,0.3,13.32
7400,42,0.34,13.5
7500,42,0.3,13.8
7600,42,0.38,13.56
7700,42,0.42,13.82
7800,42,0.32,13.32
7900,42,0.3,13.86
8000,42,0.4,13.4
8100,42,0.32,13.58
8200,42,0.36,13.48
8300,42,0.3,13.5
8400,42,0.36,13.42
8500,42,0.36,13.2
8600,42,0.36,13.66
8700,42,0.3,13.42
8800,42,0.34,13.52
8900,42,0.34,13.52
9000,42,0.42,13.8
9100,42,0.22,13.5
9200,42,0.24,13.54
9300,42,0.34,13.66
9400,42,0.36,13.62
9500,42,0.32,13.54
9600,42,0.36,13.64
9700,42,0.22,13.6
9800,42,0.16,13.36
9900,42,0.14,13.18
10000,42,0.14,13.5
10100,42,0.22,13.72
10200,42,0.38,14.04
10300,42,0.3,13.88
10400,42,0.28,13.4
10500,42,0.24,13.32
10600,42,0.2,13.24
10700,42,0.2,13.42
10800,42,0.32,13.62
10900,42,0.32,13.56
11000,42,0.32,13.6
11100,42,0.28,13.44
11200,42,0.38,14.12
11300,42,0.34,13.84
11400,42,0.36,13.66
11500,42,0.32,13.84
11600,42,0.4,13.72
11700,42,0.42,14.08
11800,42,0.36,14.14
11900,42,0.42,13.98
12000,42,0.3,14.1
12100,42,0.38,14.02
12200,42,0.46,14.34
12300,42,0.42,14.62
12400,42,0.38,14.16
12500,42,0.3,13.98
12600,42,0.34,14.2
12700,42,0.46,14.38
12800,42,0.3,14.5
12900,42,0.46,14.72
13000,42,0.34,14.44
13100,42,0.44,14.62
13200,42,0.48,14.46
13300,42,0.4,14.04
13400,42,0.46,14.46
13500,42,0.44,14.38
13600,42,0.36,14.06
13700,42,0.38,14.12
13800,42,0.4,14.14
13900,42,0.38,14.12
14000,42,0.36,14.0
14100,42,0.46,14.28
14200,42,0.46,14.32
14300,42,0.46,14.04
14400,42,0.46,14.4
14500,42,0.46,14.16
14600,42,0.54,14.16
14700,42,0.4,14.22
14800,42,0.56,14.3
14900,42,0.52,14.16
15000,42,0.52,14.38
15100,42,0.44,14.26
15200,42,0.52,14.48
15300,42,0.52,14.18
15400,42,0.52,14.42
15500,42,0.5,14.28
15600,42,0.54,14.34
15700,42,0.56,14.44
15800,42,0.48,14.0
15900,42,0.48,14.28
16000,42,0.38,13.84
16100,42,0.38,13.88
16200,42,0.36,14.0
16300,42,0.38,14.16
16400,42,0.44,14.4
16500,42,0.44,14.48
16600,42,0.44,14.34
16700,42,0.44,14.56
16800,42,0.52,14.7
16900,42,0.46,14.34
17000,42,0.46,14.48
17100,42,0.44,14.62
17200,42,0.48,14.72
17300,42,0.5,14.88
17400,42,0.5,14.86
17500,42,0.5,14.62
17600,42,0.5,14.9
17700,42,0.46,14.76
17800,42,0.42,14.94
17900,42,0.46,15.1
18000,42,0.44,14.82
18100,42,0.46,14.68
18200,42,0.44,14.7
18300,42,0.46,14.84
18400,42,0.42,14.5
18500,42,0.48,14.64
18600,42,0.48,14.68
18700,42,0.52,14.6
18800,42,0.48,14.52
18900,42,0.52,14.66
19000,42,0.48,14.8
19100,42,0.52,14.78
19200,42,0.56,14.82
19300,42,0.6,14.8
19400,42,0.6,14.98
19500,42,0.64,15.2
19600,42,0.56,15.02
19700,42,0.48,14.7
19800,42,0.54,14.68
19900,42,0.5,14.72
20000,42,0.42,14.72
100,123,0.0,5.94
200,123,0.0,7.88
300,123,0.0,9.86
400,123,0.0,10.08
500,123,0.0,9.84
600,123,0.0,9.76
700,123,0.0,9.98
800,123,0.0,10.1
900,123,0.0,10.14
1000,123,0.0,10.06
1100,123,0.0,10.06
1200,123,0.0,10.2
1300,123,0.0,10.16
1400,123,0.0,10.18
1500,123,0.0,10.12
1600,123,0.0,10.26
1700,123,0.0,10.32
1800,123,0.0,10.24
1900,123,0.0,10.24
2000,123,0.0,10.36
2100,123,0.0,10.54
2200,123,0.0,10.6
2300,123,0.0,10.68
2400,123,0.0,10.48
2500,123,0.0,10.66
2600,123,0.0,10.62
2700,123,0.0,10.62
2800,123,0.0,10.9
2900,123,0.0,10.6
3000,123,0.0,11.22
3100,123,0.0,11.06
3200,123,0.0,10.94
3300,123,0.0,11.14
3400,123,0.0,10.86
3500,123,0.0,11.42
3600,123,0.0,11.42
3700,123,0.0,11.56
3800,123,0.0,11.78
3900,123,0.0,11.58
4000,123,0.0,12.06
4100,123,0.0,11.9
4200,123,0.0,11.98
4300,123,0.0,11.82
4400,123,0.0,12.02
4500,123,0.04,12.5
4600,123,0.04,12.3
4700,123,0.0,12.1
4800,123,0.02,12.3
4900,123,0.08,12.94
5000,123,0.08,13.0
5100,123,0.1,12.84
5200,123,0.04,13.0
5300,123,0.04,13.02
5400,123,0.14,13.58
5500,123,0.06,12.9
5600,123,0.12,13.48
5700,123,0.08,13.4
5800,123,0.22,13.92
5900,123,0.18,13.34
6000,123,0.28,13.78
6100,123,0.18,13.42
6200,123,0.22,13.3
6300,123,0.22,13.48
6400,123,0.26,13.44
6500,123,0.3,13.44
6600,123,0.24,13.8
6700,123,0.28,13.8
6800,123,0.26,13.8
6900,123,0.3,13.62
7000,123,0.32,13.92
7100,123,0.34,13.66
7200,123,0.3,13.8
7300,123,0.34,13.66
7400,123,0.36,13.62
7500,123,0.36,13.68
7600,123,0.36,13.82
7700,123,0.36,14.06
7800,123,0.32,13.78
7900,123,0.32,13.56
8000,123,0.34,13.66
8100,123,0.32,13.56
8200,123,0.28,13.46
8300,123,0.24,13.66
8400,123,0.24,13.64
8500,123,0.16,13.84
8600,123,0.24,13.3
8700,123,0.18,13.62
8800,123,0.2,13.62
8900,123,0.18,13.8
9000,123,0.14,13.58
9100,123,0.08,13.64
9200,123,0.12,13.54
9300,123,0.12,13.66
9400,123,0.18,13.8
9500,123,0.16,13.5
9600,123,0.08,13.74
9700,123,0.26,14.52
9800,123,0.18,14.18
9900,123,0.24,13.72
10000,123,0.24,14.1
10100,123,0.24,14.3
10200,123,0.36,14.66
10300,123,0.32,14.38
10400,123,0.32,14.5
10500,123,0.42,14.44
10600,123,0.36,14.76
10700,123,0.42,14.62
10800,123,0.48,14.56
10900,123,0.44,14.6
11000,123,0.46,14.74
11100,123,0.34,14.5
11200,123,0.34,14.52
11300,123,0.42,14.48
11400,123,0.36,14.02
11500,123,0.44,14.42
11600,123,0.46,14.28
11700,123,0.46,14.36
11800,123,0.54,14.54
11900,123,0.5,14.36
12000,123,0.46,14.5
12100,123,0.5,14.76
12200,123,0.46,14.64
12300,123,0.42,14.4
12400,123,0.5,14.78
12500,123,0.52,14.68
12600,123,0.44,14.62
12700,123,0.42,14.36
12800,123,0.48,14.58
12900,123,0.52,14.84
13000,123,0.44,14.46
13100,123,0.36,14.38
13200,123,0.44,14.68
13300,123,0.44,14.66
13400,123,0.4,14.48
13500,123,0.44,14.86
13600,123,0.42,14.74
13700,123,0.4,14.76
13800,123,0.4,14.54
13900,123,0.42,14.58
14000,123,0.36,14.52
14100,123,0.32,14.3
14200,123,0.38,14.32
14300,123,0.38,14.58
14400,123,0.44,14.58
14500,123,0.44,14.62
14600,123,0.44,14.42
14700,123,0.48,14.36
14800,123,0.46,14.54
14900,123,0.52,14.58
15000,123,0.52,14.6
15100,123,0.56,14.68
15200,123,0.46,14.78
15300,123,0.54,14.82
15400,123,0.56,15.02
15500,123,0.46,14.76
15600,123,0.4,14.56
15700,123,0.46,14.62
15800,123,0.42,14.58
15900,123,0.46,14.52
16000,123,0.36,14.52
16100,123,0.48,14.5
16200,123,0.4,14.72
16300,123,0.42,14.58
16400,123,0.42,14.52
16500,123,0.4,14.5
16600,123,0.4,14.54
16700,123,0.4,14.38
16800,123,0.42,14.52
16900,123,0.4,14.66
17000,123,0.38,14.38
17100,123,0.4,14.42
17200,123,0.44,14.44
17300,123,0.4,14.56
17400,123,0.36,14.68
17500,123,0.34,14.78
17600,123,0.4,14.76
17700,123,0.38,14.7
17800,123,0.42,14.7
17900,123,0.4,14.7
18000,123,0.4,14.66
18100,123,0.38,14.56
18200,123,0.42,14.76
18300,123,0.4,14.6
18400,123,0.44,14.66
18500,123,0.4,14.62
18600,123,0.4,14.62
18700,123,0.42,14.66
18800,123,0.42,14.54
18900,123,0.5,14.52
19000,123,0.44,14.64
19100,123,0.44,14.88
19200,123,0.42,14.48
19300,123,0.48,14.82
19400,123,0.48,15.0
19500,123,0.52,14.98
19600,123,0.52,14.86
19700,123,0.52,14.9
19800,123,0.5,14.92
19900,123,0.54,14.98
20000,123,0.54,15.06
100,456,0.0,4.84
200,456,0.0,8.06
300,456,0.0,9.3
400,456,0.0,8.72
500,456,0.0,9.66
600,456,0.0,10.02
700,456,0.0,9.82
800,456,0.0,10.08
900,456,0.0,10.02
1000,456,0.0,10.14
1100,456,0.0,10.16
1200,456,0.0,10.08
1300,456,0.0,10.28
1400,456,0.0,10.26
1500,456,0.0,10.26
1600,456,0.0,10.3
1700,456,0.0,10.42
1800,456,0.0,10.5
1900,456,0.0,10.46
2000,456,0.0,10.46
2100,456,0.0,10.52
2200,456,0.0,10.64
2300,456,0.0,10.84
2400,456,0.0,10.96
2500,456,0.0,11.06
2600,456,0.0,10.94
2700,456,0.0,11.24
2800,456,0.0,11.38
2900,456,0.0,11.42
3000,456,0.0,11.38
3100,456,0.0,12.06
3200,456,0.0,11.66
3300,456,0.0,11.66
3400,456,0.0,11.24
3500,456,0.0,11.42
3600,456,0.0,11.88
3700,456,0.0,11.44
3800,456,0.0,11.78
3900,456,0.0,12.1
4000,456,0.0,11.86
4100,456,0.02,12.44
4200,456,0.0,12.48
4300,456,0.0,12.62
4400,456,0.02,12.58
4500,456,0.02,12.82
4600,456,0.04,12.66
4700,456,0.12,12.98
4800,456,0.1,13.22
4900,456,0.08,12.84
5000,456,0.06,13.06
5100,456,0.14,13.16
5200,456,0.12,13.08
5300,456,0.14,13.1
5400,456,0.14,13.22
5500,456,0.12,13.16
5600,456,0.1,13.38
5700,456,0.26,13.42
5800,456,0.34,13.4
5900,456,0.16,12.92
6000,456,0.36,14.02
6100,456,0.34,13.86
6200,456,0.3,13.68
6300,456,0.32,13.66
6400,456,0.34,13.66
6500,456,0.3,13.34
6600,456,0.4,13.58
6700,456,0.44,13.84
6800,456,0.42,13.58
6900,456,0.34,13.72
7000,456,0.42,13.88
7100,456,0.4,13.76
7200,456,0.44,13.74
7300,456,0.4,13.48
7400,456,0.4,13.54
7500,456,0.46,13.76
7600,456,0.42,13.88
7700,456,0.42,13.38
7800,456,0.38,13.66
7900,456,0.5,14.06
8000,456,0.4,13.9
8100,456,0.4,13.64
8200,456,0.38,13.68
8300,456,0.42,13.7
8400,456,0.3,13.46
8500,456,0.24,13.78
8600,456,0.2,13.94
8700,456,0.12,13.5
8800,456,0.22,13.56
8900,456,0.18,13.44
9000,456,0.14,13.2
9100,456,0.16,13.34
9200,456,0.22,13.22
9300,456,0.32,13.72
9400,456,0.26,13.92
9500,456,0.36,13.82
9600,456,0.24,13.88
9700,456,0.3,13.74
9800,456,0.22,13.28
9900,456,0.2,13.74
10000,456,0.28,14.08
10100,456,0.4,14.46
10200,456,0.3,14.44
10300,456,0.36,14.56
10400,456,0.3,14.22
10500,456,0.32,14.4
10600,456,0.36,14.36
10700,456,0.4,14.48
10800,456,0.26,14.1
10900,456,0.3,14.14
11000,456,0.36,14.08
11100,456,0.34,14.42
11200,456,0.42,14.22
11300,456,0.36,14.2
11400,456,0.42,14.46
11500,456,0.34,14.06
11600,456,0.38,14.38
11700,456,0.46,14.28
11800,456,0.5,14.24
11900,456,0.5,14.64
12000,456,0.4,14.32
12100,456,0.44,14.6
12200,456,0.34,14.56
12300,456,0.4,14.36
12400,456,0.36,14.26
12500,456,0.42,14.36
12600,456,0.44,14.16
12700,456,0.42,13.96
12800,456,0.48,14.22
12900,456,0.4,14.08
13000,456,0.4,14.32
13100,456,0.38,14.3
13200,456,0.4,14.08
13300,456,0.42,14.48
13400,456,0.38,14.4
13500,456,0.4,14.5
13600,456,0.36,14.42
13700,456,0.38,14.24
13800,456,0.4,14.36
13900,456,0.38,14.32
14000,456,0.36,14.56
14100,456,0.54,14.76
14200,456,0.46,14.4
14300,456,0.48,14.42
14400,456,0.44,14.28
14500,456,0.38,14.24
14600,456,0.4,14.14
14700,456,0.42,14.6
14800,456,0.48,14.6
14900,456,0.42,14.64
15000,456,0.38,14.48
15100,456,0.38,14.5
15200,456,0.44,14.6
15300,456,0.44,14.68
15400,456,0.44,14.64
15500,456,0.38,14.38
15600,456,0.48,14.62
15700,456,0.38,14.26
15800,456,0.46,14.62
15900,456,0.44,14.38
16000,456,0.6,14.7
16100,456,0.64,14.68
16200,456,0.44,14.28
16300,456,0.52,14.54
16400,456,0.52,14.68
16500,456,0.58,14.9
16600,456,0.5,14.62
16700,456,0.4,14.5
16800,456,0.48,14.74
16900,456,0.44,14.66
17000,456,0.44,14.92
17100,456,0.48,14.82
17200,456,0.5,14.86
17300,456,0.48,14.72
17400,456,0.44,14.48
17500,456,0.48,14.64
17600,456,0.52,14.64
17700,456,0.5,14.68
17800,456,0.42,14.26
17900,456,0.44,14.4
18000,456,0.48,14.58
18100,456,0.52,14.64
18200,456,0.54,14.88
18300,456,0.56,14.9
18400,456,0.56,15.04
18500,456,0.58,14.98
18600,456,0.62,14.86
18700,456,0.6,14.7
18800,456,0.58,14.88
18900,456,0.54,14.7
19000,456,0.62,15.0
19100,456,0.6,14.82
19200,456,0.54,14.72
19300,456,0.56,14.88
19400,456,0.58,14.78
19500,456,0.58,14.74
19600,456,0.58,14.9
19700,456,0.5,14.42
19800,456,0.52,14.38
19900,456,0.48,14.48
20000,456,0.48,14.3
