algorithm,seed,step,success_rate,mean_score,solved_count,total_episodes,filled_mean,violations_mean,zero_cand_mean
no_contraction,42,100,0.22,12.92,11,50,14.6,0.74,0.04
no_contraction,42,200,0.26,13.94,13,50,14.62,0.34,0.0
no_contraction,42,300,0.26,14.18,13,50,14.54,0.18,0.0
no_contraction,42,400,0.34,14.6,17,50,14.6,0.0,0.0
no_contraction,42,500,0.4,14.68,20,50,14.68,0.0,0.0
no_contraction,42,600,0.36,14.58,18,50,14.58,0.0,0.0
no_contraction,42,700,0.38,14.64,19,50,14.64,0.0,0.0
no_contraction,42,800,0.42,14.74,21,50,14.74,0.0,0.0
no_contraction,42,900,0.5,14.9,25,50,14.9,0.0,0.0
no_contraction,42,1000,0.48,15.02,24,50,15.02,0.0,0.0
no_contraction,42,1100,0.46,14.98,23,50,14.98,0.0,0.0
no_contraction,42,1200,0.48,15.1,24,50,15.1,0.0,0.0
no_contraction,42,1300,0.62,15.42,31,50,15.42,0.0,0.0
no_contraction,42,1400,0.66,15.48,33,50,15.48,0.0,0.0
no_contraction,42,1500,0.66,15.28,33,50,15.28,0.0,0.0
no_contraction,42,1600,0.66,15.42,33,50,15.42,0.0,0.0
no_contraction,42,1700,0.78,15.64,39,50,15.64,0.0,0.0
no_contraction,42,1800,0.72,15.6,36,50,15.6,0.0,0.0
no_contraction,42,1900,0.76,15.56,38,50,15.56,0.0,0.0
no_contraction,42,2000,0.82,15.7,41,50,15.7,0.0,0.0
no_contraction,42,2100,0.82,15.74,41,50,15.74,0.0,0.0
no_contraction,42,2200,0.82,15.74,41,50,15.74,0.0,0.0
no_contraction,42,2300,0.86,15.78,43,50,15.78,0.0,0.0
no_contraction,42,2400,0.9,15.82,45,50,15.82,0.0,0.0
no_contraction,42,2500,0.84,15.6,42,50,15.84,0.12,0.0
no_contraction,42,2600,0.78,15.54,39,50,15.78,0.12,0.0
no_contraction,42,2700,0.92,15.68,46,50,15.92,0.12,0.0
no_contraction,42,2800,0.9,15.66,45,50,15.9,0.12,0.0
no_contraction,42,2900,0.94,15.9,47,50,15.9,0.0,0.0
no_contraction,42,3000,0.9,15.86,45,50,15.86,0.0,0.0
no_contraction,42,3100,0.92,15.88,46,50,15.88,0.0,0.0
no_contraction,42,3200,0.88,15.84,44,50,15.84,0.0,0.0
no_contraction,42,3300,0.92,15.88,46,50,15.88,0.0,0.0
no_contraction,42,3400,0.9,15.86,45,50,15.86,0.0,0.0
no_contraction,42,3500,0.92,15.88,46,50,15.88,0.0,0.0
no_contraction,42,3600,0.92,15.88,46,50,15.88,0.0,0.0
no_contraction,42,3700,0.92,15.88,46,50,15.88,0.0,0.0
no_contraction,42,3800,0.88,15.64,44,50,15.88,0.12,0.0
no_contraction,42,3900,0.88,15.64,44,50,15.88,0.12,0.0
no_contraction,42,4000,0.92,15.88,46,50,15.88,0.0,0.0
no_contraction,42,4100,0.88,15.64,44,50,15.88,0.12,0.0
no_contraction,42,4200,0.88,15.64,44,50,15.88,0.12,0.0
no_contraction,42,4300,0.88,15.64,44,50,15.88,0.12,0.0
no_contraction,42,4400,0.92,15.68,46,50,15.92,0.12,0.0
no_contraction,42,4500,0.92,15.68,46,50,15.92,0.12,0.0
no_contraction,42,4600,0.92,15.68,46,50,15.92,0.12,0.0
no_contraction,42,4700,0.92,15.68,46,50,15.92,0.12,0.0
no_contraction,42,4800,0.92,15.68,46,50,15.92,0.12,0.0
no_contraction,42,4900,0.92,15.68,46,50,15.92,0.12,0.0
no_contraction,42,5000,0.92,15.68,46,50,15.92,0.12,0.0
no_contraction,123,100,0.28,13.12,14,50,14.62,0.6,0.06
no_contraction,123,200,0.32,14.28,16,50,14.56,0.04,0.04
no_contraction,123,300,0.3,14.16,15,50,14.56,0.1,0.04
no_contraction,123,400,0.36,14.58,18,50,14.58,0.0,0.0
no_contraction,123,500,0.36,14.64,18,50,14.64,0.0,0.0
no_contraction,123,600,0.38,14.66,19,50,14.66,0.0,0.0
no_contraction,123,700,0.36,14.66,18,50,14.66,0.0,0.0
no_contraction,123,800,0.46,14.94,23,50,14.94,0.0,0.0
no_contraction,123,900,0.5,15.14,25,50,15.14,0.0,0.0
no_contraction,123,1000,0.56,15.06,28,50,15.06,0.0,0.0
no_contraction,123,1100,0.6,15.28,30,50,15.28,0.0,0.0
no_contraction,123,1200,0.66,15.44,33,50,15.44,0.0,0.0
no_contraction,123,1300,0.66,15.4,33,50,15.4,0.0,0.0
no_contraction,123,1400,0.7,15.42,35,50,15.42,0.0,0.0
no_contraction,123,1500,0.76,15.62,38,50,15.62,0.0,0.0
no_contraction,123,1600,0.8,15.56,40,50,15.56,0.0,0.0
no_contraction,123,1700,0.8,15.72,40,50,15.72,0.0,0.0
no_contraction,123,1800,0.84,15.68,42,50,15.68,0.0,0.0
no_contraction,123,1900,0.8,15.66,40,50,15.66,0.0,0.0
no_contraction,123,2000,0.92,15.84,46,50,15.84,0.0,0.0
no_contraction,123,2100,0.86,15.74,43,50,15.74,0.0,0.0
no_contraction,123,2200,0.9,15.82,45,50,15.82,0.0,0.0
no_contraction,123,2300,0.9,15.82,45,50,15.82,0.0,0.0
no_contraction,123,2400,0.88,15.84,44,50,15.84,0.0,0.0
no_contraction,123,2500,0.88,15.88,44,50,15.88,0.0,0.0
no_contraction,123,2600,0.92,15.88,46,50,15.88,0.0,0.0
no_contraction,123,2700,0.92,15.88,46,50,15.88,0.0,0.0
no_contraction,123,2800,0.92,15.92,46,50,15.92,0.0,0.0
no_contraction,123,2900,0.96,15.96,48,50,15.96,0.0,0.0
no_contraction,123,3000,0.88,15.76,44,50,15.76,0.0,0.0
no_contraction,123,3100,0.94,15.9,47,50,15.9,0.0,0.0
no_contraction,123,3200,0.9,15.9,45,50,15.9,0.0,0.0
no_contraction,123,3300,0.88,15.84,44,50,15.84,0.0,0.0
no_contraction,123,3400,0.92,15.88,46,50,15.88,0.0,0.0
no_contraction,123,3500,0.92,15.92,46,50,15.92,0.0,0.0
no_contraction,123,3600,0.92,15.88,46,50,15.88,0.0,0.0
no_contraction,123,3700,0.92,15.88,46,50,15.88,0.0,0.0
no_contraction,123,3800,0.92,15.88,46,50,15.88,0.0,0.0
no_contraction,123,3900,0.92,15.92,46,50,15.92,0.0,0.0
no_contraction,123,4000,0.96,15.96,48,50,15.96,0.0,0.0
no_contraction,123,4100,0.96,15.96,48,50,15.96,0.0,0.0
no_contraction,123,4200,0.96,15.96,48,50,15.96,0.0,0.0
no_contraction,123,4300,0.96,15.96,48,50,15.96,0.0,0.0
no_contraction,123,4400,0.96,15.96,48,50,15.96,0.0,0.0
no_contraction,123,4500,0.96,15.96,48,50,15.96,0.0,0.0
no_contraction,123,4600,0.96,15.96,48,50,15.96,0.0,0.0
no_contraction,123,4700,0.96,15.96,48,50,15.96,0.0,0.0
no_contraction,123,4800,0.96,15.96,48,50,15.96,0.0,0.0
no_contraction,123,4900,0.96,15.96,48,50,15.96,0.0,0.0
no_contraction,123,5000,0.96,15.96,48,50,15.96,0.0,0.0
no_contraction,456,100,0.18,12.22,9,50,14.62,1.0,0.08
no_contraction,456,200,0.32,13.92,16,50,14.52,0.2,0.04
no_contraction,456,300,0.32,14.24,16,50,14.52,0.04,0.04
no_contraction,456,400,0.34,14.6,17,50,14.6,0.0,0.0
no_contraction,456,500,0.4,14.64,20,50,14.64,0.0,0.0
no_contraction,456,600,0.36,14.7,18,50,14.7,0.0,0.0
no_contraction,456,700,0.36,14.76,18,50,14.76,0.0,0.0
no_contraction,456,800,0.46,15.06,23,50,15.06,0.0,0.0
no_contraction,456,900,0.44,14.96,22,50,14.96,0.0,0.0
no_contraction,456,1000,0.44,14.98,22,50,14.98,0.0,0.0
no_contraction,456,1100,0.56,15.08,28,50,15.08,0.0,0.0
no_contraction,456,1200,0.6,15.28,30,50,15.28,0.0,0.0
no_contraction,456,1300,0.72,15.58,36,50,15.58,0.0,0.0
no_contraction,456,1400,0.76,15.62,38,50,15.62,0.0,0.0
no_contraction,456,1500,0.74,15.58,37,50,15.58,0.0,0.0
no_contraction,456,1600,0.82,15.56,41,50,15.56,0.0,0.0
no_contraction,456,1700,0.76,15.52,38,50,15.52,0.0,0.0
no_contraction,456,1800,0.84,15.64,42,50,15.64,0.0,0.0
no_contraction,456,1900,0.9,15.82,45,50,15.82,0.0,0.0
no_contraction,456,2000,0.8,15.72,40,50,15.72,0.0,0.0
no_contraction,456,2100,0.9,15.78,45,50,15.78,0.0,0.0
no_contraction,456,2200,0.88,15.8,44,50,15.8,0.0,0.0
no_contraction,456,2300,0.9,15.82,45,50,15.82,0.0,0.0
no_contraction,456,2400,0.92,15.8,46,50,15.8,0.0,0.0
no_contraction,456,2500,0.86,15.7,43,50,15.7,0.0,0.0
no_contraction,456,2600,0.88,15.8,44,50,15.8,0.0,0.0
no_contraction,456,2700,0.92,15.8,46,50,15.8,0.0,0.0
no_contraction,456,2800,0.9,15.82,45,50,15.82,0.0,0.0
no_contraction,456,2900,0.92,15.88,46,50,15.88,0.0,0.0
no_contraction,456,3000,0.92,15.88,46,50,15.88,0.0,0.0
no_contraction,456,3100,0.9,15.86,45,50,15.86,0.0,0.0
no_contraction,456,3200,0.88,15.84,44,50,15.84,0.0,0.0
no_contraction,456,3300,0.9,15.86,45,50,15.86,0.0,0.0
no_contraction,456,3400,0.9,15.82,45,50,15.82,0.0,0.0
no_contraction,456,3500,0.9,15.86,45,50,15.86,0.0,0.0
no_contraction,456,3600,0.9,15.82,45,50,15.82,0.0,0.0
no_contraction,456,3700,0.9,15.82,45,50,15.82,0.0,0.0
no_contraction,456,3800,0.88,15.84,44,50,15.84,0.0,0.0
no_contraction,456,3900,0.88,15.84,44,50,15.84,0.0,0.0
no_contraction,456,4000,0.9,15.86,45,50,15.86,0.0,0.0
no_contraction,456,4100,0.9,15.86,45,50,15.86,0.0,0.0
no_contraction,456,4200,0.9,15.86,45,50,15.86,0.0,0.0
no_contraction,456,4300,0.92,15.88,46,50,15.88,0.0,0.0
no_contraction,456,4400,0.92,15.88,46,50,15.88,0.0,0.0
no_contraction,456,4500,0.92,15.84,46,50,15.84,0.0,0.0
no_contraction,456,4600,0.92,15.88,46,50,15.88,0.0,0.0
no_contraction,456,4700,0.92,15.84,46,50,15.84,0.0,0.0
no_contraction,456,4800,0.88,15.84,44,50,15.84,0.0,0.0
no_contraction,456,4900,0.92,15.88,46,50,15.88,0.0,0.0
no_contraction,456,5000,0.92,15.88,46,50,15.88,0.0,0.0
persistent_z_no_contraction,42,100,0.24,13.02,12,50,14.58,0.68,0.04
persistent_z_no_contraction,42,200,0.28,14.04,14,50,14.56,0.16,0.04
persistent_z_no_contraction,42,300,0.28,13.92,14,50,14.56,0.22,0.04
persistent_z_no_contraction,42,400,0.32,14.62,16,50,14.62,0.0,0.0
persistent_z_no_contraction,42,500,0.36,14.66,18,50,14.66,0.0,0.0
persistent_z_no_contraction,42,600,0.44,14.78,22,50,14.78,0.0,0.0
persistent_z_no_contraction,42,700,0.38,14.78,19,50,14.78,0.0,0.0
persistent_z_no_contraction,42,800,0.44,14.78,22,50,14.78,0.0,0.0
persistent_z_no_contraction,42,900,0.44,14.72,22,50,14.72,0.0,0.0
persistent_z_no_contraction,42,1000,0.54,15.06,27,50,15.06,0.0,0.0
persistent_z_no_contraction,42,1100,0.54,15.12,27,50,15.12,0.0,0.0
persistent_z_no_contraction,42,1200,0.54,15.04,27,50,15.04,0.0,0.0
persistent_z_no_contraction,42,1300,0.68,15.4,34,50,15.4,0.0,0.0
persistent_z_no_contraction,42,1400,0.74,15.5,37,50,15.5,0.0,0.0
persistent_z_no_contraction,42,1500,0.62,15.4,31,50,15.4,0.0,0.0
persistent_z_no_contraction,42,1600,0.84,15.64,42,50,15.64,0.0,0.0
persistent_z_no_contraction,42,1700,0.78,15.5,39,50,15.5,0.0,0.0
persistent_z_no_contraction,42,1800,0.82,15.58,41,50,15.58,0.0,0.0
persistent_z_no_contraction,42,1900,0.84,15.72,42,50,15.72,0.0,0.0
persistent_z_no_contraction,42,2000,0.82,15.68,41,50,15.68,0.0,0.0
persistent_z_no_contraction,42,2100,0.9,15.8,45,50,15.8,0.0,0.0
persistent_z_no_contraction,42,2200,0.84,15.76,42,50,15.76,0.0,0.0
persistent_z_no_contraction,42,2300,0.84,15.76,42,50,15.76,0.0,0.0
persistent_z_no_contraction,42,2400,0.92,15.88,46,50,15.88,0.0,0.0
persistent_z_no_contraction,42,2500,0.86,15.82,43,50,15.82,0.0,0.0
persistent_z_no_contraction,42,2600,0.9,15.9,45,50,15.9,0.0,0.0
persistent_z_no_contraction,42,2700,0.88,15.84,44,50,15.84,0.0,0.0
persistent_z_no_contraction,42,2800,0.9,15.86,45,50,15.86,0.0,0.0
persistent_z_no_contraction,42,2900,0.84,15.84,42,50,15.84,0.0,0.0
persistent_z_no_contraction,42,3000,0.9,15.86,45,50,15.86,0.0,0.0
persistent_z_no_contraction,42,3100,0.92,15.88,46,50,15.88,0.0,0.0
persistent_z_no_contraction,42,3200,0.9,15.82,45,50,15.82,0.0,0.0
persistent_z_no_contraction,42,3300,0.9,15.9,45,50,15.9,0.0,0.0
persistent_z_no_contraction,42,3400,0.9,15.9,45,50,15.9,0.0,0.0
persistent_z_no_contraction,42,3500,0.88,15.88,44,50,15.88,0.0,0.0
persistent_z_no_contraction,42,3600,0.86,15.82,43,50,15.82,0.0,0.0
persistent_z_no_contraction,42,3700,0.9,15.9,45,50,15.9,0.0,0.0
persistent_z_no_contraction,42,3800,0.88,15.84,44,50,15.84,0.0,0.0
persistent_z_no_contraction,42,3900,0.88,15.88,44,50,15.88,0.0,0.0
persistent_z_no_contraction,42,4000,0.88,15.88,44,50,15.88,0.0,0.0
persistent_z_no_contraction,42,4100,0.88,15.88,44,50,15.88,0.0,0.0
persistent_z_no_contraction,42,4200,0.92,15.92,46,50,15.92,0.0,0.0
persistent_z_no_contraction,42,4300,0.92,15.92,46,50,15.92,0.0,0.0
persistent_z_no_contraction,42,4400,0.88,15.84,44,50,15.84,0.0,0.0
persistent_z_no_contraction,42,4500,0.88,15.84,44,50,15.84,0.0,0.0
persistent_z_no_contraction,42,4600,0.88,15.84,44,50,15.84,0.0,0.0
persistent_z_no_contraction,42,4700,0.94,15.94,47,50,15.94,0.0,0.0
persistent_z_no_contraction,42,4800,0.94,15.94,47,50,15.94,0.0,0.0
persistent_z_no_contraction,42,4900,0.92,15.88,46,50,15.88,0.0,0.0
persistent_z_no_contraction,42,5000,0.96,15.96,48,50,15.96,0.0,0.0
persistent_z_no_contraction,123,100,0.32,12.88,16,50,14.74,0.68,0.1
persistent_z_no_contraction,123,200,0.32,14.28,16,50,14.56,0.04,0.04
persistent_z_no_contraction,123,300,0.3,14.16,15,50,14.56,0.1,0.04
persistent_z_no_contraction,123,400,0.36,14.66,18,50,14.66,0.0,0.0
persistent_z_no_contraction,123,500,0.38,14.6,19,50,14.6,0.0,0.0
persistent_z_no_contraction,123,600,0.38,14.64,19,50,14.64,0.0,0.0
persistent_z_no_contraction,123,700,0.46,14.84,23,50,14.84,0.0,0.0
persistent_z_no_contraction,123,800,0.42,14.78,21,50,14.78,0.0,0.0
persistent_z_no_contraction,123,900,0.44,14.92,22,50,14.92,0.0,0.0
persistent_z_no_contraction,123,1000,0.5,15.06,25,50,15.06,0.0,0.0
persistent_z_no_contraction,123,1100,0.56,15.12,28,50,15.12,0.0,0.0
persistent_z_no_contraction,123,1200,0.64,15.28,32,50,15.28,0.0,0.0
persistent_z_no_contraction,123,1300,0.66,15.42,33,50,15.42,0.0,0.0
persistent_z_no_contraction,123,1400,0.68,15.3,34,50,15.3,0.0,0.0
persistent_z_no_contraction,123,1500,0.78,15.54,39,50,15.54,0.0,0.0
persistent_z_no_contraction,123,1600,0.72,15.6,36,50,15.6,0.0,0.0
persistent_z_no_contraction,123,1700,0.72,15.48,36,50,15.48,0.0,0.0
persistent_z_no_contraction,123,1800,0.84,15.6,42,50,15.6,0.0,0.0
persistent_z_no_contraction,123,1900,0.76,15.56,38,50,15.56,0.0,0.0
persistent_z_no_contraction,123,2000,0.8,15.68,40,50,15.68,0.0,0.0
persistent_z_no_contraction,123,2100,0.86,15.64,43,50,15.76,0.06,0.0
persistent_z_no_contraction,123,2200,0.7,15.52,35,50,15.64,0.06,0.0
persistent_z_no_contraction,123,2300,0.84,15.62,42,50,15.74,0.06,0.0
persistent_z_no_contraction,123,2400,0.82,15.68,41,50,15.8,0.06,0.0
persistent_z_no_contraction,123,2500,0.9,15.76,45,50,15.88,0.06,0.0
persistent_z_no_contraction,123,2600,0.88,15.74,44,50,15.86,0.06,0.0
persistent_z_no_contraction,123,2700,0.9,15.76,45,50,15.88,0.06,0.0
persistent_z_no_contraction,123,2800,0.86,15.72,43,50,15.84,0.06,0.0
persistent_z_no_contraction,123,2900,0.78,15.74,39,50,15.74,0.0,0.0
persistent_z_no_contraction,123,3000,0.92,15.92,46,50,15.92,0.0,0.0
persistent_z_no_contraction,123,3100,0.92,15.92,46,50,15.92,0.0,0.0
persistent_z_no_contraction,123,3200,0.92,15.88,46,50,15.88,0.0,0.0
persistent_z_no_contraction,123,3300,0.92,15.92,46,50,15.92,0.0,0.0
persistent_z_no_contraction,123,3400,0.92,15.92,46,50,15.92,0.0,0.0
persistent_z_no_contraction,123,3500,0.92,15.92,46,50,15.92,0.0,0.0
persistent_z_no_contraction,123,3600,0.92,15.92,46,50,15.92,0.0,0.0
persistent_z_no_contraction,123,3700,0.92,15.92,46,50,15.92,0.0,0.0
persistent_z_no_contraction,123,3800,0.92,15.92,46,50,15.92,0.0,0.0
persistent_z_no_contraction,123,3900,0.92,15.88,46,50,15.88,0.0,0.0
persistent_z_no_contraction,123,4000,0.92,15.88,46,50,15.88,0.0,0.0
persistent_z_no_contraction,123,4100,0.92,15.88,46,50,15.88,0.0,0.0
persistent_z_no_contraction,123,4200,0.92,15.88,46,50,15.88,0.0,0.0
persistent_z_no_contraction,123,4300,0.88,15.84,44,50,15.84,0.0,0.0
persistent_z_no_contraction,123,4400,0.92,15.88,46,50,15.88,0.0,0.0
persistent_z_no_contraction,123,4500,0.92,15.92,46,50,15.92,0.0,0.0
persistent_z_no_contraction,123,4600,0.92,15.92,46,50,15.92,0.0,0.0
persistent_z_no_contraction,123,4700,0.92,15.92,46,50,15.92,0.0,0.0
persistent_z_no_contraction,123,4800,0.92,15.92,46,50,15.92,0.0,0.0
persistent_z_no_contraction,123,4900,0.92,15.92,46,50,15.92,0.0,0.0
persistent_z_no_contraction,123,5000,0.92,15.92,46,50,15.92,0.0,0.0
persistent_z_no_contraction,456,100,0.18,12.2,9,50,14.6,1.0,0.08
persistent_z_no_contraction,456,200,0.3,14.1,15,50,14.54,0.22,0.0
persistent_z_no_contraction,456,300,0.3,14.12,15,50,14.52,0.1,0.04
persistent_z_no_contraction,456,400,0.36,14.64,18,50,14.64,0.0,0.0
persistent_z_no_contraction,456,500,0.36,14.56,18,50,14.56,0.0,0.0
persistent_z_no_contraction,456,600,0.32,14.64,16,50,14.64,0.0,0.0
persistent_z_no_contraction,456,700,0.38,14.66,19,50,14.66,0.0,0.0
persistent_z_no_contraction,456,800,0.44,14.96,22,50,14.96,0.0,0.0
persistent_z_no_contraction,456,900,0.5,14.84,25,50,14.84,0.0,0.0
persistent_z_no_contraction,456,1000,0.5,15.12,25,50,15.12,0.0,0.0
persistent_z_no_contraction,456,1100,0.6,15.22,30,50,15.22,0.0,0.0
persistent_z_no_contraction,456,1200,0.64,15.28,32,50,15.28,0.0,0.0
persistent_z_no_contraction,456,1300,0.68,15.38,34,50,15.38,0.0,0.0
persistent_z_no_contraction,456,1400,0.6,15.24,30,50,15.24,0.0,0.0
persistent_z_no_contraction,456,1500,0.72,15.44,36,50,15.44,0.0,0.0
persistent_z_no_contraction,456,1600,0.74,15.58,37,50,15.58,0.0,0.0
persistent_z_no_contraction,456,1700,0.84,15.6,42,50,15.6,0.0,0.0
persistent_z_no_contraction,456,1800,0.86,15.76,43,50,15.76,0.0,0.0
persistent_z_no_contraction,456,1900,0.8,15.68,40,50,15.68,0.0,0.0
persistent_z_no_contraction,456,2000,0.84,15.76,42,50,15.76,0.0,0.0
persistent_z_no_contraction,456,2100,0.88,15.84,44,50,15.84,0.0,0.0
persistent_z_no_contraction,456,2200,0.86,15.74,43,50,15.74,0.0,0.0
persistent_z_no_contraction,456,2300,0.88,15.8,44,50,15.8,0.0,0.0
persistent_z_no_contraction,456,2400,0.84,15.8,42,50,15.8,0.0,0.0
persistent_z_no_contraction,456,2500,0.88,15.8,44,50,15.8,0.0,0.0
persistent_z_no_contraction,456,2600,0.88,15.8,44,50,15.8,0.0,0.0
persistent_z_no_contraction,456,2700,0.88,15.8,44,50,15.8,0.0,0.0
persistent_z_no_contraction,456,2800,0.92,15.84,46,50,15.84,0.0,0.0
persistent_z_no_contraction,456,2900,0.92,15.84,46,50,15.84,0.0,0.0
persistent_z_no_contraction,456,3000,0.92,15.84,46,50,15.84,0.0,0.0
persistent_z_no_contraction,456,3100,0.92,15.92,46,50,15.92,0.0,0.0
persistent_z_no_contraction,456,3200,0.92,15.88,46,50,15.88,0.0,0.0
persistent_z_no_contraction,456,3300,0.92,15.88,46,50,15.88,0.0,0.0
persistent_z_no_contraction,456,3400,0.9,15.9,45,50,15.9,0.0,0.0
persistent_z_no_contraction,456,3500,0.92,15.92,46,50,15.92,0.0,0.0
persistent_z_no_contraction,456,3600,0.92,15.92,46,50,15.92,0.0,0.0
persistent_z_no_contraction,456,3700,0.88,15.84,44,50,15.84,0.0,0.0
persistent_z_no_contraction,456,3800,0.92,15.88,46,50,15.88,0.0,0.0
persistent_z_no_contraction,456,3900,0.92,15.92,46,50,15.92,0.0,0.0
persistent_z_no_contraction,456,4000,0.92,15.92,46,50,15.92,0.0,0.0
persistent_z_no_contraction,456,4100,0.92,15.88,46,50,15.88,0.0,0.0
persistent_z_no_contraction,456,4200,0.92,15.92,46,50,15.92,0.0,0.0
persistent_z_no_contraction,456,4300,0.92,15.92,46,50,15.92,0.0,0.0
persistent_z_no_contraction,456,4400,0.92,15.88,46,50,15.88,0.0,0.0
persistent_z_no_contraction,456,4500,0.92,15.88,46,50,15.88,0.0,0.0
persistent_z_no_contraction,456,4600,0.92,15.88,46,50,15.88,0.0,0.0
persistent_z_no_contraction,456,4700,0.92,15.92,46,50,15.92,0.0,0.0
persistent_z_no_contraction,456,4800,0.92,15.88,46,50,15.88,0.0,0.0
persistent_z_no_contraction,456,4900,0.92,15.88,46,50,15.88,0.0,0.0
persistent_z_no_contraction,456,5000,0.92,15.88,46,50,15.88,0.0,0.0
episodic_contraction,42,100,0.28,13.08,14,50,14.58,0.6,0.06
episodic_contraction,42,200,0.32,14.26,16,50,14.52,0.08,0.02
episodic_contraction,42,300,0.32,14.44,16,50,14.52,0.04,0.0
episodic_contraction,42,400,0.32,14.44,16,50,14.52,0.04,0.0
episodic_contraction,42,500,0.12,13.24,6,50,14.52,0.64,0.0
episodic_contraction,42,600,0.12,13.24,6,50,14.52,0.64,0.0
episodic_contraction,42,700,0.26,14.08,13,50,14.52,0.22,0.0
episodic_contraction,42,800,0.32,14.52,16,50,14.52,0.0,0.0
episodic_contraction,42,900,0.2,13.72,10,50,14.52,0.4,0.0
episodic_contraction,42,1000,0.26,14.08,13,50,14.52,0.22,0.0
episodic_contraction,42,1100,0.32,14.44,16,50,14.52,0.04,0.0
episodic_contraction,42,1200,0.32,14.44,16,50,14.52,0.04,0.0
episodic_contraction,42,1300,0.32,14.2,16,50,14.56,0.08,0.04
episodic_contraction,42,1400,0.32,14.44,16,50,14.52,0.04,0.0
episodic_contraction,42,1500,0.16,13.48,8,50,14.52,0.52,0.0
episodic_contraction,42,1600,0.16,13.48,8,50,14.52,0.52,0.0
episodic_contraction,42,1700,0.12,13.24,6,50,14.52,0.64,0.0
episodic_contraction,42,1800,0.08,13.0,4,50,14.52,0.76,0.0
episodic_contraction,42,1900,0.08,13.0,4,50,14.52,0.76,0.0
episodic_contraction,42,2000,0.08,13.0,4,50,14.52,0.76,0.0
episodic_contraction,42,2100,0.08,13.0,4,50,14.52,0.76,0.0
episodic_contraction,42,2200,0.08,13.0,4,50,14.52,0.76,0.0
episodic_contraction,42,2300,0.08,13.0,4,50,14.52,0.76,0.0
episodic_contraction,42,2400,0.08,13.0,4,50,14.52,0.76,0.0
episodic_contraction,42,2500,0.08,13.0,4,50,14.52,0.76,0.0
episodic_contraction,42,2600,0.08,13.0,4,50,14.52,0.76,0.0
episodic_contraction,42,2700,0.08,13.0,4,50,14.52,0.76,0.0
episodic_contraction,42,2800,0.08,13.0,4,50,14.52,0.76,0.0
episodic_contraction,42,2900,0.1,13.12,5,50,14.52,0.7,0.0
episodic_contraction,42,3000,0.32,14.44,16,50,14.52,0.04,0.0
episodic_contraction,42,3100,0.32,14.44,16,50,14.52,0.04,0.0
episodic_contraction,42,3200,0.32,13.64,16,50,14.52,0.24,0.08
episodic_contraction,42,3300,0.28,12.22,14,50,14.52,0.9,0.1
episodic_contraction,42,3400,0.28,11.38,14,50,14.52,1.22,0.14
episodic_contraction,42,3500,0.28,11.14,14,50,14.52,1.34,0.14
episodic_contraction,42,3600,0.28,11.14,14,50,14.52,1.34,0.14
episodic_contraction,42,3700,0.28,11.14,14,50,14.52,1.34,0.14
episodic_contraction,42,3800,0.28,10.9,14,50,14.52,1.46,0.14
episodic_contraction,42,3900,0.28,11.5,14,50,14.52,1.26,0.1
episodic_contraction,42,4000,0.32,11.98,16,50,14.52,1.12,0.06
episodic_contraction,42,4100,0.32,11.38,16,50,14.52,1.12,0.18
episodic_contraction,42,4200,0.32,11.38,16,50,14.52,1.12,0.18
episodic_contraction,42,4300,0.32,11.2,16,50,14.52,1.26,0.16
episodic_contraction,42,4400,0.32,11.2,16,50,14.52,1.26,0.16
episodic_contraction,42,4500,0.32,11.7,16,50,14.52,1.26,0.06
episodic_contraction,42,4600,0.32,11.58,16,50,14.52,1.22,0.1
episodic_contraction,42,4700,0.32,11.58,16,50,14.52,1.22,0.1
episodic_contraction,42,4800,0.32,11.7,16,50,14.52,1.26,0.06
episodic_contraction,42,4900,0.32,11.58,16,50,14.52,1.22,0.1
episodic_contraction,42,5000,0.32,11.58,16,50,14.52,1.22,0.1
episodic_contraction,123,100,0.3,13.24,15,50,14.68,0.62,0.04
episodic_contraction,123,200,0.32,14.0,16,50,14.52,0.16,0.04
episodic_contraction,123,300,0.32,14.48,16,50,14.56,0.04,0.0
episodic_contraction,123,400,0.32,14.48,16,50,14.56,0.04,0.0
episodic_contraction,123,500,0.32,14.44,16,50,14.52,0.04,0.0
episodic_contraction,123,600,0.32,14.48,16,50,14.56,0.04,0.0
episodic_contraction,123,700,0.34,14.5,17,50,14.58,0.04,0.0
episodic_contraction,123,800,0.28,14.2,14,50,14.52,0.16,0.0
episodic_contraction,123,900,0.24,13.96,12,50,14.52,0.28,0.0
episodic_contraction,123,1000,0.24,14.08,12,50,14.56,0.24,0.0
episodic_contraction,123,1100,0.24,14.04,12,50,14.52,0.24,0.0
episodic_contraction,123,1200,0.24,13.96,12,50,14.52,0.28,0.0
episodic_contraction,123,1300,0.32,14.2,16,50,14.52,0.16,0.0
episodic_contraction,123,1400,0.32,13.48,16,50,14.52,0.42,0.04
episodic_contraction,123,1500,0.32,12.46,16,50,14.52,0.88,0.06
episodic_contraction,123,1600,0.32,12.7,16,50,14.52,0.76,0.06
episodic_contraction,123,1700,0.32,12.5,16,50,14.56,0.98,0.02
episodic_contraction,123,1800,0.32,12.7,16,50,14.52,0.86,0.02
episodic_contraction,123,1900,0.32,12.7,16,50,14.52,0.86,0.02
episodic_contraction,123,2000,0.32,12.7,16,50,14.52,0.86,0.02
episodic_contraction,123,2100,0.32,11.64,16,50,14.52,1.24,0.08
episodic_contraction,123,2200,0.32,12.96,16,50,14.52,0.78,0.0
episodic_contraction,123,2300,0.32,12.96,16,50,14.52,0.78,0.0
episodic_contraction,123,2400,0.32,12.96,16,50,14.52,0.78,0.0
episodic_contraction,123,2500,0.32,12.84,16,50,14.52,0.74,0.04
episodic_contraction,123,2600,0.32,13.68,16,50,14.52,0.42,0.0
episodic_contraction,123,2700,0.34,13.7,17,50,14.54,0.42,0.0
episodic_contraction,123,2800,0.34,12.98,17,50,14.54,0.48,0.12
episodic_contraction,123,2900,0.32,13.56,16,50,14.52,0.48,0.0
episodic_contraction,123,3000,0.32,13.56,16,50,14.52,0.48,0.0
episodic_contraction,123,3100,0.34,13.58,17,50,14.54,0.48,0.0
episodic_contraction,123,3200,0.34,13.58,17,50,14.54,0.48,0.0
episodic_contraction,123,3300,0.34,13.34,17,50,14.54,0.6,0.0
episodic_contraction,123,3400,0.34,13.58,17,50,14.54,0.48,0.0
episodic_contraction,123,3500,0.34,13.58,17,50,14.54,0.48,0.0
episodic_contraction,123,3600,0.34,13.34,17,50,14.54,0.6,0.0
episodic_contraction,123,3700,0.34,13.6,17,50,14.56,0.48,0.0
episodic_contraction,123,3800,0.34,13.58,17,50,14.54,0.48,0.0
episodic_contraction,123,3900,0.34,13.6,17,50,14.56,0.48,0.0
episodic_contraction,123,4000,0.34,13.24,17,50,14.56,0.56,0.04
episodic_contraction,123,4100,0.34,13.22,17,50,14.54,0.56,0.04
episodic_contraction,123,4200,0.34,13.36,17,50,14.56,0.5,0.04
episodic_contraction,123,4300,0.34,13.34,17,50,14.54,0.5,0.04
episodic_contraction,123,4400,0.34,13.6,17,50,14.56,0.38,0.04
episodic_contraction,123,4500,0.34,13.22,17,50,14.54,0.46,0.08
episodic_contraction,123,4600,0.34,13.22,17,50,14.54,0.46,0.08
episodic_contraction,123,4700,0.34,13.22,17,50,14.54,0.46,0.08
episodic_contraction,123,4800,0.34,13.22,17,50,14.54,0.46,0.08
episodic_contraction,123,4900,0.34,13.22,17,50,14.54,0.46,0.08
episodic_contraction,123,5000,0.34,13.22,17,50,14.54,0.46,0.08
episodic_contraction,456,100,0.16,11.24,8,50,14.6,1.38,0.12
episodic_contraction,456,200,0.2,13.44,10,50,14.52,0.54,0.0
episodic_contraction,456,300,0.2,13.36,10,50,14.6,0.52,0.04
episodic_contraction,456,400,0.24,13.88,12,50,14.6,0.36,0.0
episodic_contraction,456,500,0.12,13.24,6,50,14.52,0.64,0.0
episodic_contraction,456,600,0.12,13.38,6,50,14.58,0.6,0.0
episodic_contraction,456,700,0.16,13.38,8,50,14.58,0.6,0.0
episodic_contraction,456,800,0.16,13.46,8,50,14.66,0.6,0.0
episodic_contraction,456,900,0.16,13.46,8,50,14.66,0.6,0.0
episodic_contraction,456,1000,0.12,13.32,6,50,14.52,0.6,0.0
episodic_contraction,456,1100,0.16,13.44,8,50,14.64,0.6,0.0
episodic_contraction,456,1200,0.16,13.36,8,50,14.56,0.6,0.0
episodic_contraction,456,1300,0.12,13.36,6,50,14.56,0.6,0.0
episodic_contraction,456,1400,0.12,13.42,6,50,14.62,0.6,0.0
episodic_contraction,456,1500,0.12,13.34,6,50,14.54,0.6,0.0
episodic_contraction,456,1600,0.16,13.46,8,50,14.66,0.6,0.0
episodic_contraction,456,1700,0.14,13.36,7,50,14.56,0.6,0.0
episodic_contraction,456,1800,0.12,13.36,6,50,14.56,0.6,0.0
episodic_contraction,456,1900,0.12,13.36,6,50,14.56,0.6,0.0
episodic_contraction,456,2000,0.18,13.42,9,50,14.62,0.6,0.0
episodic_contraction,456,2100,0.14,13.44,7,50,14.64,0.6,0.0
episodic_contraction,456,2200,0.16,13.42,8,50,14.62,0.6,0.0
episodic_contraction,456,2300,0.16,13.46,8,50,14.66,0.6,0.0
episodic_contraction,456,2400,0.18,13.52,9,50,14.72,0.6,0.0
episodic_contraction,456,2500,0.14,13.28,7,50,14.72,0.72,0.0
episodic_contraction,456,2600,0.14,13.16,7,50,14.6,0.72,0.0
episodic_contraction,456,2700,0.14,13.2,7,50,14.64,0.72,0.0
episodic_contraction,456,2800,0.14,13.24,7,50,14.68,0.72,0.0
episodic_contraction,456,2900,0.14,13.32,7,50,14.76,0.72,0.0
episodic_contraction,456,3000,0.12,13.22,6,50,14.66,0.72,0.0
episodic_contraction,456,3100,0.12,13.28,6,50,14.72,0.72,0.0
episodic_contraction,456,3200,0.14,13.2,7,50,14.64,0.72,0.0
episodic_contraction,456,3300,0.12,13.18,6,50,14.62,0.72,0.0
episodic_contraction,456,3400,0.12,13.22,6,50,14.66,0.72,0.0
episodic_contraction,456,3500,0.18,13.28,9,50,14.72,0.72,0.0
episodic_contraction,456,3600,0.18,13.34,9,50,14.78,0.72,0.0
episodic_contraction,456,3700,0.14,13.28,7,50,14.72,0.72,0.0
episodic_contraction,456,3800,0.18,13.36,9,50,14.8,0.72,0.0
episodic_contraction,456,3900,0.18,13.32,9,50,14.76,0.72,0.0
episodic_contraction,456,4000,0.18,13.36,9,50,14.8,0.72,0.0
episodic_contraction,456,4100,0.18,13.4,9,50,14.84,0.72,0.0
episodic_contraction,456,4200,0.14,13.28,7,50,14.72,0.72,0.0
episodic_contraction,456,4300,0.2,13.38,10,50,14.82,0.72,0.0
episodic_contraction,456,4400,0.14,13.34,7,50,14.78,0.72,0.0
episodic_contraction,456,4500,0.18,13.36,9,50,14.8,0.72,0.0
episodic_contraction,456,4600,0.18,13.36,9,50,14.8,0.72,0.0
episodic_contraction,456,4700,0.18,13.32,9,50,14.76,0.72,0.0
episodic_contraction,456,4800,0.18,13.4,9,50,14.84,0.72,0.0
episodic_contraction,456,4900,0.18,13.4,9,50,14.84,0.72,0.0
episodic_contraction,456,5000,0.18,13.38,9,50,14.82,0.72,0.0
persistent_z,42,100,0.28,13.16,14,50,14.66,0.6,0.06
persistent_z,42,200,0.32,13.9,16,50,14.56,0.18,0.06
persistent_z,42,300,0.28,13.46,14,50,14.52,0.28,0.1
persistent_z,42,400,0.32,14.24,16,50,14.56,0.16,0.0
persistent_z,42,500,0.18,13.32,9,50,14.52,0.5,0.04
persistent_z,42,600,0.14,13.32,7,50,14.52,0.6,0.0
persistent_z,42,700,0.14,13.44,7,50,14.52,0.54,0.0
persistent_z,42,800,0.18,13.64,9,50,14.52,0.44,0.0
persistent_z,42,900,0.22,13.92,11,50,14.52,0.3,0.0
persistent_z,42,1000,0.1,13.2,5,50,14.52,0.66,0.0
persistent_z,42,1100,0.06,12.96,3,50,14.52,0.78,0.0
persistent_z,42,1200,0.14,13.44,7,50,14.52,0.54,0.0
persistent_z,42,1300,0.14,13.44,7,50,14.52,0.54,0.0
persistent_z,42,1400,0.26,14.16,13,50,14.52,0.18,0.0
persistent_z,42,1500,0.26,14.16,13,50,14.52,0.18,0.0
persistent_z,42,1600,0.26,14.16,13,50,14.52,0.18,0.0
persistent_z,42,1700,0.3,14.4,15,50,14.52,0.06,0.0
persistent_z,42,1800,0.32,14.52,16,50,14.52,0.0,0.0
persistent_z,42,1900,0.32,14.52,16,50,14.52,0.0,0.0
persistent_z,42,2000,0.32,14.52,16,50,14.52,0.0,0.0
persistent_z,42,2100,0.32,14.52,16,50,14.52,0.0,0.0
persistent_z,42,2200,0.32,14.52,16,50,14.52,0.0,0.0
persistent_z,42,2300,0.32,14.52,16,50,14.52,0.0,0.0
persistent_z,42,2400,0.32,14.54,16,50,14.54,0.0,0.0
persistent_z,42,2500,0.32,14.52,16,50,14.52,0.0,0.0
persistent_z,42,2600,0.32,14.52,16,50,14.52,0.0,0.0
persistent_z,42,2700,0.32,14.52,16,50,14.52,0.0,0.0
persistent_z,42,2800,0.32,14.52,16,50,14.52,0.0,0.0
persistent_z,42,2900,0.32,14.52,16,50,14.52,0.0,0.0
persistent_z,42,3000,0.32,14.52,16,50,14.52,0.0,0.0
persistent_z,42,3100,0.32,14.52,16,50,14.52,0.0,0.0
persistent_z,42,3200,0.36,14.58,18,50,14.58,0.0,0.0
persistent_z,42,3300,0.32,14.52,16,50,14.52,0.0,0.0
persistent_z,42,3400,0.32,14.52,16,50,14.52,0.0,0.0
persistent_z,42,3500,0.32,14.52,16,50,14.52,0.0,0.0
persistent_z,42,3600,0.32,14.52,16,50,14.52,0.0,0.0
persistent_z,42,3700,0.32,14.54,16,50,14.54,0.0,0.0
persistent_z,42,3800,0.32,14.52,16,50,14.52,0.0,0.0
persistent_z,42,3900,0.32,14.6,16,50,14.6,0.0,0.0
persistent_z,42,4000,0.34,14.6,17,50,14.6,0.0,0.0
persistent_z,42,4100,0.34,14.6,17,50,14.6,0.0,0.0
persistent_z,42,4200,0.34,14.56,17,50,14.56,0.0,0.0
persistent_z,42,4300,0.34,14.6,17,50,14.6,0.0,0.0
persistent_z,42,4400,0.38,14.62,19,50,14.62,0.0,0.0
persistent_z,42,4500,0.36,14.72,18,50,14.72,0.0,0.0
persistent_z,42,4600,0.38,14.64,19,50,14.64,0.0,0.0
persistent_z,42,4700,0.38,14.64,19,50,14.64,0.0,0.0
persistent_z,42,4800,0.32,14.6,16,50,14.6,0.0,0.0
persistent_z,42,4900,0.32,14.7,16,50,14.7,0.0,0.0
persistent_z,42,5000,0.44,14.76,22,50,14.76,0.0,0.0
persistent_z,123,100,0.3,13.3,15,50,14.62,0.56,0.04
persistent_z,123,200,0.32,14.22,16,50,14.58,0.08,0.04
persistent_z,123,300,0.32,14.44,16,50,14.52,0.04,0.0
persistent_z,123,400,0.28,14.06,14,50,14.56,0.2,0.02
persistent_z,123,500,0.14,13.36,7,50,14.52,0.58,0.0
persistent_z,123,600,0.02,12.64,1,50,14.52,0.94,0.0
persistent_z,123,700,0.14,13.44,7,50,14.52,0.54,0.0
persistent_z,123,800,0.08,13.0,4,50,14.52,0.76,0.0
persistent_z,123,900,0.04,12.48,2,50,14.52,0.92,0.04
persistent_z,123,1000,0.04,12.76,2,50,14.52,0.88,0.0
persistent_z,123,1100,0.04,12.76,2,50,14.52,0.88,0.0
persistent_z,123,1200,0.04,12.58,2,50,14.52,0.92,0.02
persistent_z,123,1300,0.04,12.76,2,50,14.52,0.88,0.0
persistent_z,123,1400,0.04,12.76,2,50,14.52,0.88,0.0
persistent_z,123,1500,0.04,12.76,2,50,14.52,0.88,0.0
persistent_z,123,1600,0.04,12.76,2,50,14.52,0.88,0.0
persistent_z,123,1700,0.0,12.6,0,50,14.52,0.96,0.0
persistent_z,123,1800,0.0,12.52,0,50,14.52,1.0,0.0
persistent_z,123,1900,0.0,12.6,0,50,14.52,0.96,0.0
persistent_z,123,2000,0.0,12.52,0,50,14.52,1.0,0.0
persistent_z,123,2100,0.0,12.52,0,50,14.52,1.0,0.0
persistent_z,123,2200,0.0,12.6,0,50,14.52,0.96,0.0
persistent_z,123,2300,0.0,12.52,0,50,14.52,1.0,0.0
persistent_z,123,2400,0.0,12.52,0,50,14.52,1.0,0.0
persistent_z,123,2500,0.0,12.6,0,50,14.52,0.96,0.0
persistent_z,123,2600,0.0,12.52,0,50,14.52,1.0,0.0
persistent_z,123,2700,0.0,12.6,0,50,14.52,0.96,0.0
persistent_z,123,2800,0.0,12.52,0,50,14.52,1.0,0.0
persistent_z,123,2900,0.0,12.6,0,50,14.52,0.96,0.0
persistent_z,123,3000,0.0,12.6,0,50,14.52,0.96,0.0
persistent_z,123,3100,0.0,12.52,0,50,14.52,1.0,0.0
persistent_z,123,3200,0.0,12.6,0,50,14.52,0.96,0.0
persistent_z,123,3300,0.0,12.6,0,50,14.52,0.96,0.0
persistent_z,123,3400,0.0,12.6,0,50,14.52,0.96,0.0
persistent_z,123,3500,0.0,12.6,0,50,14.52,0.96,0.0
persistent_z,123,3600,0.0,12.6,0,50,14.52,0.96,0.0
persistent_z,123,3700,0.0,12.6,0,50,14.52,0.96,0.0
persistent_z,123,3800,0.0,12.6,0,50,14.52,0.96,0.0
persistent_z,123,3900,0.0,12.6,0,50,14.52,0.96,0.0
persistent_z,123,4000,0.0,12.6,0,50,14.52,0.96,0.0
persistent_z,123,4100,0.0,12.6,0,50,14.52,0.96,0.0
persistent_z,123,4200,0.0,12.6,0,50,14.52,0.96,0.0
persistent_z,123,4300,0.0,12.6,0,50,14.52,0.96,0.0
persistent_z,123,4400,0.0,12.6,0,50,14.52,0.96,0.0
persistent_z,123,4500,0.0,12.6,0,50,14.52,0.96,0.0
persistent_z,123,4600,0.0,12.6,0,50,14.52,0.96,0.0
persistent_z,123,4700,0.0,12.6,0,50,14.52,0.96,0.0
persistent_z,123,4800,0.0,12.6,0,50,14.52,0.96,0.0
persistent_z,123,4900,0.0,12.6,0,50,14.52,0.96,0.0
persistent_z,123,5000,0.0,12.6,0,50,14.52,0.96,0.0
persistent_z,456,100,0.2,12.38,10,50,14.54,0.88,0.08
persistent_z,456,200,0.2,13.5,10,50,14.54,0.52,0.0
persistent_z,456,300,0.2,13.8,10,50,14.52,0.36,0.0
persistent_z,456,400,0.16,13.6,8,50,14.56,0.48,0.0
persistent_z,456,500,0.16,13.56,8,50,14.52,0.48,0.0
persistent_z,456,600,0.18,13.68,9,50,14.64,0.48,0.0
persistent_z,456,700,0.22,13.68,11,50,14.64,0.48,0.0
persistent_z,456,800,0.24,13.72,12,50,14.68,0.48,0.0
persistent_z,456,900,0.2,13.68,10,50,14.64,0.48,0.0
persistent_z,456,1000,0.2,13.62,10,50,14.58,0.48,0.0
persistent_z,456,1100,0.22,13.68,11,50,14.64,0.48,0.0
persistent_z,456,1200,0.16,13.64,8,50,14.6,0.48,0.0
persistent_z,456,1300,0.16,13.56,8,50,14.52,0.48,0.0
persistent_z,456,1400,0.16,13.56,8,50,14.52,0.48,0.0
persistent_z,456,1500,0.16,13.6,8,50,14.56,0.48,0.0
persistent_z,456,1600,0.16,13.64,8,50,14.6,0.48,0.0
persistent_z,456,1700,0.2,13.64,10,50,14.6,0.48,0.0
persistent_z,456,1800,0.16,13.6,8,50,14.56,0.48,0.0
persistent_z,456,1900,0.2,13.74,10,50,14.7,0.48,0.0
persistent_z,456,2000,0.16,13.56,8,50,14.52,0.48,0.0
persistent_z,456,2100,0.16,13.58,8,50,14.54,0.48,0.0
persistent_z,456,2200,0.2,13.66,10,50,14.62,0.48,0.0
persistent_z,456,2300,0.2,13.66,10,50,14.62,0.48,0.0
persistent_z,456,2400,0.16,13.62,8,50,14.58,0.48,0.0
persistent_z,456,2500,0.2,13.66,10,50,14.62,0.48,0.0
persistent_z,456,2600,0.16,13.58,8,50,14.54,0.48,0.0
persistent_z,456,2700,0.18,13.62,9,50,14.58,0.48,0.0
persistent_z,456,2800,0.2,13.66,10,50,14.62,0.48,0.0
persistent_z,456,2900,0.16,13.58,8,50,14.54,0.48,0.0
persistent_z,456,3000,0.2,13.68,10,50,14.64,0.48,0.0
persistent_z,456,3100,0.2,13.64,10,50,14.6,0.48,0.0
persistent_z,456,3200,0.24,13.8,12,50,14.76,0.48,0.0
persistent_z,456,3300,0.2,13.66,10,50,14.62,0.48,0.0
persistent_z,456,3400,0.22,13.74,11,50,14.7,0.48,0.0
persistent_z,456,3500,0.2,13.66,10,50,14.62,0.48,0.0
persistent_z,456,3600,0.22,13.74,11,50,14.7,0.48,0.0
persistent_z,456,3700,0.22,13.72,11,50,14.68,0.48,0.0
persistent_z,456,3800,0.18,13.66,9,50,14.62,0.48,0.0
persistent_z,456,3900,0.24,13.68,12,50,14.64,0.48,0.0
persistent_z,456,4000,0.26,13.7,13,50,14.66,0.48,0.0
persistent_z,456,4100,0.24,13.68,12,50,14.64,0.48,0.0
persistent_z,456,4200,0.24,13.8,12,50,14.76,0.48,0.0
persistent_z,456,4300,0.24,13.72,12,50,14.68,0.48,0.0
persistent_z,456,4400,0.24,13.76,12,50,14.72,0.48,0.0
persistent_z,456,4500,0.22,13.66,11,50,14.62,0.48,0.0
persistent_z,456,4600,0.24,13.76,12,50,14.72,0.48,0.0
persistent_z,456,4700,0.24,13.68,12,50,14.64,0.48,0.0
persistent_z,456,4800,0.3,13.9,15,50,14.86,0.48,0.0
persistent_z,456,4900,0.26,13.74,13,50,14.7,0.48,0.0
persistent_z,456,5000,0.22,13.7,11,50,14.66,0.48,0.0
ppo,42,100,0.12,10.84,,,14.7,1.78,0.06
ppo,42,200,0.18,11.42,,,14.66,1.32,0.12
ppo,42,300,0.16,11.06,,,14.78,1.66,0.08
ppo,42,400,0.12,10.88,,,14.66,1.74,0.06
ppo,42,500,0.18,10.88,,,14.9,1.76,0.1
ppo,42,600,0.18,10.58,,,14.74,1.78,0.12
ppo,42,700,0.2,11.76,,,14.76,1.3,0.08
ppo,42,800,0.2,10.98,,,14.72,1.52,0.14
ppo,42,900,0.2,11.58,,,14.76,1.44,0.06
ppo,42,1000,0.18,10.56,,,14.74,1.94,0.06
ppo,42,1100,0.22,11.18,,,14.74,1.38,0.16
ppo,42,1200,0.2,10.7,,,14.82,1.96,0.04
ppo,42,1300,0.12,10.48,,,14.74,1.98,0.06
ppo,42,1400,0.2,11.18,,,14.8,1.66,0.06
ppo,42,1500,0.2,11.14,,,14.78,1.62,0.08
ppo,42,1600,0.08,10.62,,,14.72,1.9,0.06
ppo,42,1700,0.2,11.44,,,14.7,1.38,0.1
ppo,42,1800,0.22,10.64,,,14.74,1.9,0.06
ppo,42,1900,0.24,11.62,,,14.76,1.32,0.1
ppo,42,2000,0.24,11.72,,,14.7,1.24,0.1
ppo,42,2100,0.2,11.58,,,14.74,1.38,0.08
ppo,42,2200,0.24,12.24,,,14.78,1.12,0.06
ppo,42,2300,0.12,11.44,,,14.74,1.5,0.06
ppo,42,2400,0.24,11.94,,,14.76,1.16,0.1
ppo,42,2500,0.18,11.62,,,14.84,1.46,0.06
ppo,42,2600,0.18,11.28,,,14.76,1.54,0.08
ppo,42,2700,0.2,12.4,,,14.72,1.06,0.04
ppo,42,2800,0.2,12.14,,,14.68,1.12,0.06
ppo,42,2900,0.16,11.42,,,14.68,1.38,0.1
ppo,42,3000,0.18,11.42,,,14.7,1.34,0.12
ppo,42,3100,0.1,10.94,,,14.76,1.76,0.06
ppo,42,3200,0.2,11.86,,,14.7,1.22,0.08
ppo,42,3300,0.2,12.24,,,14.78,1.12,0.06
ppo,42,3400,0.14,11.64,,,14.76,1.46,0.04
ppo,42,3500,0.16,11.4,,,14.7,1.4,0.1
ppo,42,3600,0.22,11.96,,,14.66,1.1,0.1
ppo,42,3700,0.2,12.38,,,14.7,0.96,0.08
ppo,42,3800,0.24,12.62,,,14.7,0.84,0.08
ppo,42,3900,0.2,11.88,,,14.72,1.12,0.12
ppo,42,4000,0.22,11.82,,,14.84,1.46,0.02
ppo,42,4100,0.2,12.08,,,14.68,1.2,0.04
ppo,42,4200,0.2,12.16,,,14.72,1.08,0.08
ppo,42,4300,0.18,11.52,,,14.74,1.46,0.06
ppo,42,4400,0.18,11.36,,,14.72,1.48,0.08
ppo,42,4500,0.2,12.04,,,14.72,1.24,0.04
ppo,42,4600,0.2,11.62,,,14.72,1.4,0.06
ppo,42,4700,0.18,11.7,,,14.74,1.32,0.08
ppo,42,4800,0.16,11.46,,,14.76,1.4,0.1
ppo,42,4900,0.18,11.74,,,14.7,1.28,0.08
ppo,42,5000,0.2,12.24,,,14.7,1.18,0.02
a2c,42,100,0.1,10.3,,,14.64,1.82,0.14
a2c,42,200,0.06,10.5,,,14.66,1.98,0.04
a2c,42,300,0.12,10.68,,,14.68,1.7,0.12
a2c,42,400,0.12,10.78,,,14.64,1.78,0.06
a2c,42,500,0.12,10.24,,,14.64,2.0,0.08
a2c,42,600,0.14,10.68,,,14.64,1.78,0.08
a2c,42,700,0.16,11.06,,,14.66,1.6,0.08
a2c,42,800,0.2,10.94,,,14.68,1.62,0.1
a2c,42,900,0.2,10.7,,,14.76,1.58,0.18
a2c,42,1000,0.2,10.98,,,14.72,1.72,0.06
a2c,42,1100,0.18,11.22,,,14.72,1.5,0.1
a2c,42,1200,0.14,11.22,,,14.72,1.6,0.06
a2c,42,1300,0.14,11.08,,,14.66,1.54,0.1
a2c,42,1400,0.18,11.48,,,14.76,1.44,0.08
a2c,42,1500,0.2,11.72,,,14.78,1.38,0.06
a2c,42,1600,0.2,11.16,,,14.74,1.54,0.1
a2c,42,1700,0.14,11.9,,,14.7,1.3,0.04
a2c,42,1800,0.24,12.4,,,14.72,0.96,0.08
a2c,42,1900,0.18,11.56,,,14.72,1.38,0.08
a2c,42,2000,0.2,12.06,,,14.68,1.16,0.06
a2c,42,2100,0.22,12.16,,,14.7,1.12,0.06
a2c,42,2200,0.22,12.74,,,14.7,0.78,0.08
a2c,42,2300,0.18,12.4,,,14.7,0.9,0.1
a2c,42,2400,0.16,11.52,,,14.7,1.34,0.1
a2c,42,2500,0.18,12.42,,,14.68,0.98,0.06
a2c,42,2600,0.2,12.48,,,14.74,0.98,0.06
a2c,42,2700,0.2,12.88,,,14.72,0.82,0.04
a2c,42,2800,0.26,13.2,,,14.68,0.64,0.04
a2c,42,2900,0.26,13.2,,,14.72,0.66,0.04
a2c,42,3000,0.24,13.14,,,14.72,0.64,0.06
a2c,42,3100,0.26,13.32,,,14.7,0.54,0.06
a2c,42,3200,0.36,13.06,,,14.74,0.54,0.12
a2c,42,3300,0.32,13.14,,,14.76,0.66,0.06
a2c,42,3400,0.28,13.0,,,14.74,0.82,0.02
a2c,42,3500,0.28,13.1,,,14.68,0.64,0.06
a2c,42,3600,0.26,12.52,,,14.68,0.78,0.12
a2c,42,3700,0.28,12.78,,,14.7,0.86,0.04
a2c,42,3800,0.24,13.16,,,14.68,0.56,0.08
a2c,42,3900,0.28,13.5,,,14.7,0.5,0.04
a2c,42,4000,0.28,13.14,,,14.72,0.64,0.06
a2c,42,4100,0.3,13.62,,,14.74,0.46,0.04
a2c,42,4200,0.28,13.28,,,14.72,0.42,0.12
a2c,42,4300,0.24,13.66,,,14.74,0.44,0.04
a2c,42,4400,0.22,13.18,,,14.74,0.58,0.08
a2c,42,4500,0.22,13.1,,,14.76,0.68,0.06
a2c,42,4600,0.24,13.3,,,14.72,0.66,0.02
a2c,42,4700,0.2,13.08,,,14.78,0.7,0.06
a2c,42,4800,0.24,13.48,,,14.8,0.56,0.04
a2c,42,4900,0.22,13.3,,,14.74,0.62,0.04
a2c,42,5000,0.24,13.48,,,14.78,0.6,0.02
dqn,42,100,0.08,10.2,,,14.74,2.22,0.02
dqn,42,200,0.12,10.06,,,14.78,2.36,0.0
dqn,42,300,0.12,10.12,,,14.78,2.28,0.02
dqn,42,400,0.18,10.4,,,14.86,2.18,0.02
dqn,42,500,0.08,9.3,,,14.84,2.72,0.02
dqn,42,600,0.1,9.82,,,14.9,2.44,0.04
dqn,42,700,0.04,9.7,,,14.88,2.54,0.02
dqn,42,800,0.08,10.0,,,14.82,2.36,0.02
dqn,42,900,0.1,9.52,,,14.82,2.5,0.06
dqn,42,1000,0.1,9.86,,,14.8,2.32,0.06
dqn,42,1100,0.08,9.58,,,14.8,2.46,0.06
dqn,42,1200,0.1,9.6,,,14.82,2.36,0.1
dqn,42,1300,0.12,9.2,,,14.9,2.6,0.1
dqn,42,1400,0.08,9.3,,,14.94,2.72,0.04
dqn,42,1500,0.12,9.4,,,14.92,2.56,0.08
dqn,42,1600,0.1,9.44,,,14.82,2.44,0.1
dqn,42,1700,0.14,9.46,,,14.86,2.4,0.12
dqn,42,1800,0.12,8.9,,,14.9,2.6,0.16
dqn,42,1900,0.12,9.36,,,14.82,2.48,0.1
dqn,42,2000,0.1,8.74,,,14.98,2.82,0.12
dqn,42,2100,0.08,9.26,,,14.86,2.5,0.12
dqn,42,2200,0.06,8.78,,,14.86,2.64,0.16
dqn,42,2300,0.08,9.42,,,14.84,2.46,0.1
dqn,42,2400,0.06,9.44,,,14.9,2.48,0.1
dqn,42,2500,0.08,9.44,,,14.84,2.5,0.08
dqn,42,2600,0.08,8.96,,,14.86,2.6,0.14
dqn,42,2700,0.1,9.28,,,14.86,2.44,0.14
dqn,42,2800,0.06,9.32,,,14.82,2.5,0.1
dqn,42,2900,0.08,9.18,,,14.88,2.6,0.1
dqn,42,3000,0.04,9.38,,,14.8,2.46,0.1
dqn,42,3100,0.08,9.66,,,14.82,2.28,0.12
dqn,42,3200,0.08,9.36,,,14.88,2.56,0.08
dqn,42,3300,0.1,9.66,,,14.82,2.28,0.12
dqn,42,3400,0.12,9.22,,,14.84,2.56,0.1
dqn,42,3500,0.14,9.78,,,14.8,2.26,0.1
dqn,42,3600,0.1,9.2,,,14.9,2.5,0.14
dqn,42,3700,0.04,9.24,,,14.76,2.36,0.16
dqn,42,3800,0.04,8.56,,,14.8,2.72,0.16
dqn,42,3900,0.08,8.88,,,14.98,2.8,0.1
dqn,42,4000,0.06,8.98,,,14.9,2.66,0.12
dqn,42,4100,0.08,9.56,,,14.74,2.24,0.14
dqn,42,4200,0.1,9.3,,,14.78,2.34,0.16
dqn,42,4300,0.1,9.1,,,14.86,2.58,0.12
dqn,42,4400,0.06,9.36,,,14.78,2.36,0.14
dqn,42,4500,0.08,9.44,,,14.78,2.32,0.14
dqn,42,4600,0.06,9.1,,,14.84,2.52,0.14
dqn,42,4700,0.06,8.84,,,14.82,2.64,0.14
dqn,42,4800,0.06,9.14,,,14.76,2.46,0.14
dqn,42,4900,0.06,9.08,,,14.74,2.38,0.18
dqn,42,5000,0.04,8.72,,,14.8,2.64,0.16
ppo,123,100,0.14,10.64,,,14.8,1.58,0.2
ppo,123,200,0.2,11.98,,,14.7,1.26,0.04
ppo,123,300,0.16,11.12,,,14.84,1.56,0.12
ppo,123,400,0.14,11.22,,,14.8,1.54,0.1
ppo,123,500,0.14,10.94,,,14.8,1.68,0.1
ppo,123,600,0.14,11.26,,,14.74,1.44,0.12
ppo,123,700,0.14,10.76,,,14.74,1.74,0.1
ppo,123,800,0.16,11.72,,,14.78,1.18,0.14
ppo,123,900,0.22,12.06,,,14.74,1.04,0.12
ppo,123,1000,0.18,10.82,,,14.86,1.72,0.12
ppo,123,1100,0.16,11.18,,,14.82,1.52,0.12
ppo,123,1200,0.2,11.26,,,14.86,1.4,0.16
ppo,123,1300,0.2,10.82,,,14.86,1.72,0.12
ppo,123,1400,0.16,11.44,,,14.72,1.34,0.12
ppo,123,1500,0.18,11.1,,,14.74,1.42,0.16
ppo,123,1600,0.22,11.06,,,14.9,1.42,0.2
ppo,123,1700,0.14,11.16,,,14.76,1.3,0.2
ppo,123,1800,0.18,11.9,,,14.74,1.12,0.12
ppo,123,1900,0.22,12.28,,,14.66,1.04,0.06
ppo,123,2000,0.22,11.86,,,14.74,1.14,0.12
ppo,123,2100,0.26,11.8,,,14.78,1.24,0.1
ppo,123,2200,0.18,11.72,,,14.78,1.48,0.02
ppo,123,2300,0.24,11.72,,,14.84,1.26,0.12
ppo,123,2400,0.16,11.56,,,14.84,1.44,0.08
ppo,123,2500,0.18,11.76,,,14.84,1.44,0.04
ppo,123,2600,0.22,11.84,,,14.8,1.18,0.12
ppo,123,2700,0.14,11.12,,,14.74,1.56,0.1
ppo,123,2800,0.16,11.42,,,14.72,1.5,0.06
ppo,123,2900,0.2,11.98,,,14.76,1.24,0.06
ppo,123,3000,0.18,11.44,,,14.86,1.46,0.1
ppo,123,3100,0.26,11.76,,,14.72,1.28,0.08
ppo,123,3200,0.12,11.44,,,14.72,1.54,0.04
ppo,123,3300,0.1,11.08,,,14.76,1.54,0.12
ppo,123,3400,0.18,11.2,,,14.82,1.56,0.1
ppo,123,3500,0.18,11.3,,,14.72,1.36,0.14
ppo,123,3600,0.24,12.1,,,14.72,1.06,0.1
ppo,123,3700,0.18,11.68,,,14.74,1.18,0.14
ppo,123,3800,0.24,11.76,,,14.8,1.32,0.08
ppo,123,3900,0.2,12.02,,,14.76,1.22,0.06
ppo,123,4000,0.26,12.44,,,14.76,0.96,0.08
ppo,123,4100,0.18,11.78,,,14.74,1.38,0.04
ppo,123,4200,0.14,10.86,,,14.8,1.72,0.1
ppo,123,4300,0.24,11.82,,,14.82,1.2,0.12
ppo,123,4400,0.24,12.28,,,14.7,0.86,0.14
ppo,123,4500,0.14,11.56,,,14.76,1.5,0.04
ppo,123,4600,0.16,11.44,,,14.7,1.38,0.1
ppo,123,4700,0.14,11.62,,,14.66,1.32,0.08
ppo,123,4800,0.2,11.22,,,14.76,1.62,0.06
ppo,123,4900,0.18,11.96,,,14.66,1.2,0.06
ppo,123,5000,0.16,11.58,,,14.74,1.28,0.12
ppo,456,100,0.16,10.02,,,14.76,1.92,0.18
ppo,456,200,0.06,9.74,,,14.82,2.24,0.12
ppo,456,300,0.14,10.76,,,14.68,1.56,0.16
ppo,456,400,0.14,10.24,,,14.7,1.88,0.14
ppo,456,500,0.2,11.5,,,14.82,1.36,0.12
ppo,456,600,0.22,11.26,,,14.82,1.28,0.2
ppo,456,700,0.2,11.5,,,14.76,1.28,0.14
ppo,456,800,0.16,11.66,,,14.76,1.5,0.02
ppo,456,900,0.14,11.54,,,14.76,1.36,0.1
ppo,456,1000,0.12,11.76,,,14.74,1.24,0.1
ppo,456,1100,0.1,10.2,,,14.84,2.02,0.12
ppo,456,1200,0.2,11.64,,,14.84,1.5,0.04
ppo,456,1300,0.16,11.56,,,14.8,1.52,0.04
ppo,456,1400,0.18,11.1,,,14.8,1.3,0.22
ppo,456,1500,0.16,11.32,,,14.82,1.4,0.14
ppo,456,1600,0.1,11.84,,,14.8,1.28,0.08
ppo,456,1700,0.2,12.46,,,14.82,1.08,0.04
ppo,456,1800,0.06,11.72,,,14.76,1.42,0.04
ppo,456,1900,0.14,11.68,,,14.78,1.3,0.1
ppo,456,2000,0.14,11.84,,,14.82,1.44,0.02
ppo,456,2100,0.1,11.2,,,14.74,1.62,0.06
ppo,456,2200,0.14,11.7,,,14.8,1.3,0.1
ppo,456,2300,0.14,11.54,,,14.88,1.52,0.06
ppo,456,2400,0.14,10.88,,,14.86,1.74,0.1
ppo,456,2500,0.2,11.68,,,14.78,1.1,0.18
ppo,456,2600,0.12,11.38,,,14.74,1.28,0.16
ppo,456,2700,0.08,11.14,,,14.72,1.54,0.1
ppo,456,2800,0.16,11.62,,,14.68,1.18,0.14
ppo,456,2900,0.14,11.64,,,14.72,1.14,0.16
ppo,456,3000,0.24,11.58,,,14.88,1.3,0.14
ppo,456,3100,0.12,10.84,,,14.74,1.4,0.22
ppo,456,3200,0.14,11.26,,,14.7,1.22,0.2
ppo,456,3300,0.12,11.64,,,14.82,1.44,0.06
ppo,456,3400,0.1,10.96,,,14.72,1.58,0.12
ppo,456,3500,0.06,11.38,,,14.66,1.54,0.04
ppo,456,3600,0.1,11.82,,,14.76,1.32,0.06
ppo,456,3700,0.14,11.9,,,14.78,1.24,0.08
ppo,456,3800,0.18,11.54,,,14.78,1.22,0.16
ppo,456,3900,0.12,11.82,,,14.68,1.18,0.1
ppo,456,4000,0.1,11.5,,,14.68,1.24,0.14
ppo,456,4100,0.18,11.82,,,14.7,1.04,0.16
ppo,456,4200,0.06,10.96,,,14.84,1.54,0.16
ppo,456,4300,0.2,12.06,,,14.74,1.04,0.12
ppo,456,4400,0.16,11.96,,,14.7,1.22,0.06
ppo,456,4500,0.2,12.1,,,14.76,1.08,0.1
ppo,456,4600,0.2,11.94,,,14.76,1.16,0.1
ppo,456,4700,0.24,12.12,,,14.76,1.12,0.08
ppo,456,4800,0.24,12.26,,,14.74,0.94,0.12
ppo,456,4900,0.22,11.72,,,14.8,1.24,0.12
ppo,456,5000,0.18,12.34,,,14.72,1.04,0.06
a2c,123,100,0.04,9.46,,,14.66,2.2,0.16
a2c,123,200,0.02,10.52,,,14.66,1.82,0.1
a2c,123,300,0.02,9.92,,,14.64,2.06,0.12
a2c,123,400,0.1,10.36,,,14.64,1.84,0.12
a2c,123,500,0.08,10.44,,,14.7,1.78,0.14
a2c,123,600,0.1,10.1,,,14.7,2.0,0.12
a2c,123,700,0.06,9.98,,,14.7,1.96,0.16
a2c,123,800,0.1,9.9,,,14.68,2.04,0.14
a2c,123,900,0.12,10.04,,,14.76,2.06,0.12
a2c,123,1000,0.08,10.3,,,14.7,2.0,0.08
a2c,123,1100,0.08,10.52,,,14.72,1.8,0.12
a2c,123,1200,0.12,11.2,,,14.76,1.58,0.08
a2c,123,1300,0.12,11.14,,,14.7,1.58,0.08
a2c,123,1400,0.16,11.64,,,14.7,1.28,0.1
a2c,123,1500,0.12,11.78,,,14.78,1.4,0.04
a2c,123,1600,0.12,11.74,,,14.68,1.32,0.06
a2c,123,1700,0.18,12.12,,,14.72,1.1,0.08
a2c,123,1800,0.16,12.16,,,14.68,1.16,0.04
a2c,123,1900,0.16,12.08,,,14.66,1.14,0.06
a2c,123,2000,0.16,11.88,,,14.78,1.3,0.06
a2c,123,2100,0.16,11.96,,,14.68,1.06,0.12
a2c,123,2200,0.2,12.28,,,14.72,1.02,0.08
a2c,123,2300,0.22,12.52,,,14.72,0.9,0.08
a2c,123,2400,0.2,12.24,,,14.7,0.98,0.1
a2c,123,2500,0.16,12.58,,,14.7,0.86,0.08
a2c,123,2600,0.18,12.46,,,14.64,0.94,0.06
a2c,123,2700,0.24,13.04,,,14.78,0.72,0.06
a2c,123,2800,0.24,13.18,,,14.7,0.56,0.08
a2c,123,2900,0.3,13.46,,,14.76,0.5,0.06
a2c,123,3000,0.28,13.54,,,14.72,0.54,0.02
a2c,123,3100,0.26,13.44,,,14.74,0.5,0.06
a2c,123,3200,0.28,13.28,,,14.7,0.56,0.06
a2c,123,3300,0.32,14.04,,,14.74,0.3,0.02
a2c,123,3400,0.34,13.64,,,14.76,0.46,0.04
a2c,123,3500,0.34,13.84,,,14.8,0.48,0.0
a2c,123,3600,0.32,13.74,,,14.72,0.44,0.02
a2c,123,3700,0.38,13.94,,,14.86,0.46,0.0
a2c,123,3800,0.3,14.08,,,14.82,0.32,0.02
a2c,123,3900,0.32,13.78,,,14.72,0.32,0.06
a2c,123,4000,0.3,13.98,,,14.78,0.4,0.0
a2c,123,4100,0.36,14.42,,,14.78,0.18,0.0
a2c,123,4200,0.34,14.0,,,14.72,0.36,0.0
a2c,123,4300,0.3,13.66,,,14.74,0.54,0.0
a2c,123,4400,0.3,13.68,,,14.76,0.54,0.0
a2c,123,4500,0.3,13.92,,,14.78,0.38,0.02
a2c,123,4600,0.28,13.82,,,14.8,0.44,0.02
a2c,123,4700,0.24,13.62,,,14.72,0.5,0.02
a2c,123,4800,0.3,13.96,,,14.82,0.38,0.02
a2c,123,4900,0.32,13.98,,,14.84,0.38,0.02
a2c,123,5000,0.36,14.1,,,14.9,0.3,0.04
a2c,456,100,0.12,9.84,,,14.68,1.92,0.2
a2c,456,200,0.18,10.52,,,14.7,1.74,0.14
a2c,456,300,0.16,10.44,,,14.72,1.84,0.12
a2c,456,400,0.14,10.56,,,14.64,1.54,0.2
a2c,456,500,0.12,9.86,,,14.72,2.18,0.1
a2c,456,600,0.16,9.96,,,14.66,1.8,0.22
a2c,456,700,0.12,10.32,,,14.72,1.9,0.12
a2c,456,800,0.1,11.14,,,14.68,1.62,0.06
a2c,456,900,0.2,11.56,,,14.72,1.28,0.12
a2c,456,1000,0.08,10.74,,,14.66,1.76,0.08
a2c,456,1100,0.14,11.02,,,14.68,1.68,0.06
a2c,456,1200,0.14,11.06,,,14.72,1.68,0.06
a2c,456,1300,0.16,11.44,,,14.72,1.44,0.08
a2c,456,1400,0.12,10.96,,,14.74,1.64,0.1
a2c,456,1500,0.08,11.16,,,14.74,1.54,0.1
a2c,456,1600,0.08,11.88,,,14.72,1.22,0.08
a2c,456,1700,0.06,11.6,,,14.68,1.44,0.04
a2c,456,1800,0.16,11.88,,,14.66,1.14,0.1
a2c,456,1900,0.2,12.56,,,14.74,0.84,0.1
a2c,456,2000,0.22,12.78,,,14.68,0.7,0.1
a2c,456,2100,0.22,13.04,,,14.7,0.68,0.06
a2c,456,2200,0.18,12.82,,,14.72,0.8,0.06
a2c,456,2300,0.18,12.12,,,14.72,1.2,0.04
a2c,456,2400,0.18,13.08,,,14.7,0.76,0.02
a2c,456,2500,0.2,13.1,,,14.66,0.78,0.0
a2c,456,2600,0.24,13.34,,,14.66,0.66,0.0
a2c,456,2700,0.24,12.7,,,14.76,0.98,0.02
a2c,456,2800,0.18,12.92,,,14.72,0.9,0.0
a2c,456,2900,0.18,12.46,,,14.74,1.04,0.04
a2c,456,3000,0.2,13.04,,,14.76,0.86,0.0
a2c,456,3100,0.16,12.46,,,14.7,0.92,0.08
a2c,456,3200,0.16,12.6,,,14.66,0.88,0.06
a2c,456,3300,0.14,12.86,,,14.68,0.76,0.06
a2c,456,3400,0.22,13.24,,,14.7,0.58,0.06
a2c,456,3500,0.22,12.64,,,14.72,0.84,0.08
a2c,456,3600,0.24,12.84,,,14.8,0.78,0.08
a2c,456,3700,0.26,12.94,,,14.78,0.72,0.08
a2c,456,3800,0.26,13.32,,,14.78,0.58,0.06
a2c,456,3900,0.34,13.8,,,14.84,0.42,0.04
a2c,456,4000,0.22,13.32,,,14.74,0.56,0.06
a2c,456,4100,0.24,13.32,,,14.74,0.56,0.06
a2c,456,4200,0.3,13.16,,,14.82,0.68,0.06
a2c,456,4300,0.3,13.76,,,14.82,0.48,0.02
a2c,456,4400,0.28,13.76,,,14.74,0.44,0.02
a2c,456,4500,0.3,14.14,,,14.76,0.26,0.02
a2c,456,4600,0.3,13.86,,,14.78,0.46,0.0
a2c,456,4700,0.28,13.62,,,14.78,0.58,0.0
a2c,456,4800,0.3,13.7,,,14.8,0.5,0.02
a2c,456,4900,0.3,13.9,,,14.76,0.38,0.02
a2c,456,5000,0.24,13.92,,,14.78,0.38,0.02
dqn,123,100,0.1,10.1,,,14.7,2.2,0.04
dqn,123,200,0.12,10.08,,,14.72,2.02,0.12
dqn,123,300,0.16,10.74,,,14.74,1.8,0.08
dqn,123,400,0.14,11.08,,,14.66,1.64,0.06
dqn,123,500,0.16,10.52,,,14.74,1.96,0.06
dqn,123,600,0.12,10.3,,,14.7,2.0,0.08
dqn,123,700,0.14,10.86,,,14.8,1.92,0.02
dqn,123,800,0.14,10.4,,,14.8,2.1,0.04
dqn,123,900,0.18,10.42,,,14.78,1.88,0.12
dqn,123,1000,0.14,10.66,,,14.8,2.02,0.02
dqn,123,1100,0.12,10.82,,,14.72,1.9,0.02
dqn,123,1200,0.12,10.84,,,14.78,1.82,0.06
dqn,123,1300,0.14,10.64,,,14.76,1.86,0.08
dqn,123,1400,0.1,10.36,,,14.82,2.08,0.06
dqn,123,1500,0.12,9.96,,,14.78,2.16,0.1
dqn,123,1600,0.14,10.72,,,14.72,1.9,0.04
dqn,123,1700,0.12,10.56,,,14.78,2.06,0.02
dqn,123,1800,0.1,10.24,,,14.74,2.1,0.06
dqn,123,1900,0.16,10.64,,,14.76,1.96,0.04
dqn,123,2000,0.14,10.6,,,14.8,2.0,0.04
dqn,123,2100,0.14,10.14,,,14.82,2.24,0.04
dqn,123,2200,0.12,10.4,,,14.8,2.0,0.08
dqn,123,2300,0.14,10.76,,,14.78,1.86,0.06
dqn,123,2400,0.14,10.74,,,14.78,1.92,0.04
dqn,123,2500,0.16,10.92,,,14.78,1.88,0.02
dqn,123,2600,0.16,10.98,,,14.76,1.74,0.06
dqn,123,2700,0.16,10.72,,,14.76,1.92,0.04
dqn,123,2800,0.18,10.94,,,14.74,1.7,0.08
dqn,123,2900,0.12,11.0,,,14.74,1.72,0.06
dqn,123,3000,0.16,11.18,,,14.76,1.74,0.02
dqn,123,3100,0.12,10.74,,,14.74,1.9,0.04
dqn,123,3200,0.16,11.02,,,14.76,1.72,0.06
dqn,123,3300,0.12,10.38,,,14.72,2.02,0.06
dqn,123,3400,0.14,10.44,,,14.74,1.9,0.1
dqn,123,3500,0.1,10.62,,,14.72,1.9,0.06
dqn,123,3600,0.12,10.72,,,14.74,1.86,0.06
dqn,123,3700,0.14,10.54,,,14.7,1.88,0.08
dqn,123,3800,0.14,10.58,,,14.68,1.9,0.06
dqn,123,3900,0.14,10.62,,,14.7,1.94,0.04
dqn,123,4000,0.14,10.62,,,14.7,1.94,0.04
dqn,123,4100,0.12,10.38,,,14.68,2.0,0.06
dqn,123,4200,0.16,10.48,,,14.7,1.96,0.06
dqn,123,4300,0.16,10.38,,,14.72,2.02,0.06
dqn,123,4400,0.16,10.76,,,14.72,1.88,0.04
dqn,123,4500,0.14,10.4,,,14.74,2.02,0.06
dqn,123,4600,0.14,10.32,,,14.76,2.12,0.04
dqn,123,4700,0.12,10.62,,,14.7,1.94,0.04
dqn,123,4800,0.16,10.46,,,14.72,1.98,0.06
dqn,123,4900,0.16,10.56,,,14.72,1.98,0.04
dqn,123,5000,0.18,10.16,,,14.76,2.1,0.08
dqn,456,100,0.14,9.64,,,14.78,2.22,0.14
dqn,456,200,0.12,9.96,,,14.82,2.18,0.1
dqn,456,300,0.12,9.76,,,14.76,2.2,0.12
dqn,456,400,0.12,9.64,,,14.78,2.22,0.14
dqn,456,500,0.12,9.66,,,14.74,2.14,0.16
dqn,456,600,0.12,9.96,,,14.78,2.16,0.1
dqn,456,700,0.14,10.08,,,14.72,2.12,0.08
dqn,456,800,0.12,9.32,,,14.82,2.4,0.14
dqn,456,900,0.14,10.18,,,14.74,2.08,0.08
dqn,456,1000,0.12,9.16,,,14.82,2.48,0.14
dqn,456,1100,0.12,9.1,,,14.8,2.4,0.18
dqn,456,1200,0.12,9.34,,,14.76,2.36,0.14
dqn,456,1300,0.1,9.32,,,14.8,2.44,0.12
dqn,456,1400,0.16,9.72,,,14.8,2.24,0.12
dqn,456,1500,0.14,9.28,,,14.84,2.48,0.12
dqn,456,1600,0.12,9.0,,,14.84,2.42,0.2
dqn,456,1700,0.12,9.18,,,14.84,2.48,0.14
dqn,456,1800,0.12,9.3,,,14.78,2.44,0.12
dqn,456,1900,0.1,9.46,,,14.84,2.34,0.14
dqn,456,2000,0.12,9.3,,,14.8,2.4,0.14
dqn,456,2100,0.1,9.46,,,14.84,2.34,0.14
dqn,456,2200,0.14,9.48,,,14.84,2.28,0.16
dqn,456,2300,0.14,9.62,,,14.74,2.16,0.16
dqn,456,2400,0.16,9.68,,,14.8,2.16,0.16
dqn,456,2500,0.16,9.62,,,14.74,2.26,0.12
dqn,456,2600,0.14,9.32,,,14.82,2.4,0.14
dqn,456,2700,0.1,9.2,,,14.84,2.52,0.12
dqn,456,2800,0.08,8.86,,,14.88,2.66,0.14
dqn,456,2900,0.14,9.18,,,14.88,2.5,0.14
dqn,456,3000,0.12,9.3,,,14.88,2.54,0.1
dqn,456,3100,0.1,8.86,,,14.86,2.5,0.2
dqn,456,3200,0.1,9.6,,,14.78,2.24,0.14
dqn,456,3300,0.1,9.36,,,14.8,2.32,0.16
dqn,456,3400,0.06,9.16,,,14.84,2.44,0.16
dqn,456,3500,0.08,8.88,,,14.84,2.48,0.2
dqn,456,3600,0.08,9.28,,,14.82,2.32,0.18
dqn,456,3700,0.08,9.7,,,14.72,2.06,0.18
dqn,456,3800,0.08,9.34,,,14.76,2.26,0.18
dqn,456,3900,0.06,9.24,,,14.8,2.28,0.2
dqn,456,4000,0.08,9.48,,,14.76,2.14,0.2
dqn,456,4100,0.08,9.6,,,14.72,2.16,0.16
dqn,456,4200,0.06,9.5,,,14.74,2.22,0.16
dqn,456,4300,0.1,9.6,,,14.74,2.12,0.18
dqn,456,4400,0.12,9.54,,,14.82,2.14,0.2
dqn,456,4500,0.1,9.76,,,14.76,2.0,0.2
dqn,456,4600,0.08,9.24,,,14.76,2.26,0.2
dqn,456,4700,0.08,9.02,,,14.8,2.34,0.22
dqn,456,4800,0.08,9.44,,,14.78,2.22,0.18
dqn,456,4900,0.06,9.14,,,14.84,2.4,0.18
dqn,456,5000,0.08,9.3,,,14.8,2.2,0.22
contraction_zonly,42,50,0.08,9.5,4,50,14.78,2.64,0.06
contraction_zonly,42,100,0.08,9.82,4,50,14.74,2.46,0.06
contraction_zonly,42,150,0.08,10.18,4,50,14.74,2.28,0.06
contraction_zonly,42,200,0.08,10.06,4,50,14.74,2.34,0.06
contraction_zonly,42,250,0.08,10.06,4,50,14.74,2.34,0.06
contraction_zonly,42,300,0.08,10.22,4,50,14.7,2.24,0.06
contraction_zonly,123,50,0.12,10.92,6,50,14.72,1.9,0.12
contraction_zonly,123,100,0.12,10.82,6,50,14.74,1.96,0.12
contraction_zonly,123,150,0.14,10.84,7,50,14.76,1.96,0.12
contraction_zonly,123,200,0.14,10.84,7,50,14.76,1.96,0.12
contraction_zonly,123,250,0.14,10.84,7,50,14.76,1.96,0.12
contraction_zonly,123,300,0.14,10.94,7,50,14.74,1.9,0.12
