condition,step,V_mean,target_mean,reward_mean,success_rate,mean_score
1_no_contraction_seed42,10,0.15,-14.64,-7.534,,
1_no_contraction_seed42,20,-0.22,-10.1,-5.163,,
1_no_contraction_seed42,30,-0.68,-13.42,-6.912,,
1_no_contraction_seed42,40,-1.47,-10.9,-5.654,,
1_no_contraction_seed42,50,-2.5,-12.93,-6.61,0.0,5.862
1_no_contraction_seed42,60,-3.81,-10.44,-5.344,,
1_no_contraction_seed42,70,-5.37,-11.71,-5.915,,
1_no_contraction_seed42,80,-7.48,-14.69,-7.425,,
1_no_contraction_seed42,90,-9.41,-10.27,-5.086,,
1_no_contraction_seed42,100,-11.19,-10.86,-5.235,0.0,5.925
1_no_contraction_seed42,110,-12.15,-13.87,-6.847,,
1_no_contraction_seed42,120,-12.82,-12.32,-5.912,,
1_no_contraction_seed42,130,-13.49,-15.09,-7.288,,
1_no_contraction_seed42,140,-12.78,-12.23,-5.537,,
1_no_contraction_seed42,150,-11.46,-11.65,-5.044,0.0,6.037
1_no_contraction_seed42,160,-14.47,-14.53,-6.778,,
1_no_contraction_seed42,170,-15.64,-15.73,-7.408,,
1_no_contraction_seed42,180,-14.84,-13.58,-5.811,,
1_no_contraction_seed42,190,-14.72,-16.02,-7.431,,
1_no_contraction_seed42,200,-15.87,-17.01,-8.144,0.0,6.013
1_no_contraction_seed42,210,-15.03,-15.44,-6.896,,
1_no_contraction_seed42,220,-14.73,-15.26,-6.539,,
1_no_contraction_seed42,230,-15.92,-15.41,-6.504,,
1_no_contraction_seed42,240,-15.01,-15.4,-6.393,,
1_no_contraction_seed42,250,-15.77,-15.83,-6.652,0.0,5.95
1_no_contraction_seed42,260,-16.26,-16.46,-7.137,,
1_no_contraction_seed42,270,-15.44,-15.92,-6.47,,
1_no_contraction_seed42,280,-15.13,-16.04,-6.425,,
1_no_contraction_seed42,290,-17.9,-16.19,-6.855,,
1_no_contraction_seed42,300,-16.37,-17.1,-7.413,0.0,5.925
1_no_contraction_seed42,310,-17.24,-17.53,-7.802,,
1_no_contraction_seed42,320,-16.79,-16.38,-6.257,,
1_no_contraction_seed42,330,-15.73,-16.4,-6.241,,
1_no_contraction_seed42,340,-16.55,-15.66,-5.128,,
1_no_contraction_seed42,350,-16.9,-16.66,-6.914,0.0,5.925
1_no_contraction_seed42,360,-15.97,-16.73,-6.112,,
1_no_contraction_seed42,370,-17.64,-17.39,-7.084,,
1_no_contraction_seed42,380,-16.73,-16.79,-6.32,,
1_no_contraction_seed42,390,-15.45,-16.72,-6.294,,
1_no_contraction_seed42,400,-17.01,-16.15,-5.312,0.0,5.925
1_no_contraction_seed42,410,-17.89,-17.77,-7.27,,
1_no_contraction_seed42,420,-16.86,-17.41,-6.6,,
1_no_contraction_seed42,430,-17.44,-16.41,-5.254,,
1_no_contraction_seed42,440,-17.62,-17.53,-7.31,,
1_no_contraction_seed42,450,-18.38,-18.79,-8.384,0.0,5.925
1_no_contraction_seed42,460,-16.75,-17.0,-5.613,,
1_no_contraction_seed42,470,-17.46,-17.92,-7.563,,
1_no_contraction_seed42,480,-17.46,-17.76,-6.192,,
1_no_contraction_seed42,490,-17.45,-17.49,-6.309,,
1_no_contraction_seed42,500,-17.7,-17.45,-6.299,0.0,5.925
1_no_contraction_seed42,510,-18.02,-17.9,-6.753,,
1_no_contraction_seed42,520,-16.76,-17.96,-6.351,,
1_no_contraction_seed42,530,-18.98,-18.31,-6.749,,
1_no_contraction_seed42,540,-17.34,-17.89,-5.995,,
1_no_contraction_seed42,550,-18.83,-18.4,-6.542,0.0,5.925
1_no_contraction_seed42,560,-18.43,-18.64,-6.681,,
1_no_contraction_seed42,570,-17.63,-17.92,-5.443,,
1_no_contraction_seed42,580,-17.81,-18.02,-4.641,,
1_no_contraction_seed42,590,-19.05,-18.31,-7.267,,
1_no_contraction_seed42,600,-18.39,-18.18,-5.032,0.0,5.925
1_no_contraction_seed42,610,-18.28,-18.0,-5.87,,
1_no_contraction_seed42,620,-18.62,-18.92,-7.948,,
1_no_contraction_seed42,630,-19.46,-18.48,-6.287,,
1_no_contraction_seed42,640,-18.88,-18.31,-5.856,,
1_no_contraction_seed42,650,-18.51,-18.71,-6.614,0.0,5.925
1_no_contraction_seed42,660,-18.46,-19.03,-8.311,,
1_no_contraction_seed42,670,-18.83,-18.56,-5.065,,
1_no_contraction_seed42,680,-18.56,-18.63,-6.673,,
1_no_contraction_seed42,690,-18.47,-18.59,-6.275,,
1_no_contraction_seed42,700,-18.94,-18.53,-6.378,0.0,5.925
1_no_contraction_seed42,710,-18.96,-18.87,-6.671,,
1_no_contraction_seed42,720,-18.79,-18.71,-6.333,,
1_no_contraction_seed42,730,-19.22,-18.78,-6.032,,
1_no_contraction_seed42,740,-18.54,-18.85,-6.608,,
1_no_contraction_seed42,750,-18.43,-18.65,-5.426,0.0,5.925
1_no_contraction_seed42,760,-19.27,-18.87,-6.963,,
1_no_contraction_seed42,770,-19.32,-18.97,-6.313,,
1_no_contraction_seed42,780,-18.97,-18.83,-7.213,,
1_no_contraction_seed42,790,-18.82,-19.16,-7.012,,
1_no_contraction_seed42,800,-19.69,-19.18,-8.2,0.0,5.925
1_no_contraction_seed42,810,-19.0,-19.19,-6.657,,
1_no_contraction_seed42,820,-18.72,-18.89,-5.746,,
1_no_contraction_seed42,830,-18.9,-19.09,-6.275,,
1_no_contraction_seed42,840,-19.08,-19.07,-6.309,,
1_no_contraction_seed42,850,-19.29,-18.9,-4.888,0.0,5.925
1_no_contraction_seed42,860,-19.18,-18.92,-5.873,,
1_no_contraction_seed42,870,-19.34,-19.08,-6.126,,
1_no_contraction_seed42,880,-19.02,-19.07,-7.121,,
1_no_contraction_seed42,890,-19.36,-18.93,-6.037,,
1_no_contraction_seed42,900,-19.46,-19.28,-7.02,0.0,5.95
1_no_contraction_seed42,910,-19.01,-19.39,-7.83,,
1_no_contraction_seed42,920,-19.28,-19.2,-6.729,,
1_no_contraction_seed42,930,-19.55,-19.14,-6.956,,
1_no_contraction_seed42,940,-19.27,-19.22,-6.335,,
1_no_contraction_seed42,950,-19.57,-19.27,-7.302,0.0,5.95
1_no_contraction_seed42,960,-19.27,-19.19,-6.699,,
1_no_contraction_seed42,970,-18.76,-19.24,-7.045,,
1_no_contraction_seed42,980,-19.27,-19.2,-6.037,,
1_no_contraction_seed42,990,-19.61,-19.16,-5.341,,
1_no_contraction_seed42,1000,-18.99,-19.1,-5.675,0.0,5.95
1_no_contraction_seed42,1010,-19.25,-19.32,-7.564,,
1_no_contraction_seed42,1020,-18.92,-19.1,-5.689,,
1_no_contraction_seed42,1030,-19.18,-19.3,-6.694,,
1_no_contraction_seed42,1040,-19.17,-19.07,-4.494,,
1_no_contraction_seed42,1050,-19.27,-19.23,-6.663,0.0,5.95
1_no_contraction_seed42,1060,-19.15,-19.07,-6.036,,
1_no_contraction_seed42,1070,-19.36,-19.23,-5.778,,
1_no_contraction_seed42,1080,-19.41,-19.22,-5.553,,
1_no_contraction_seed42,1090,-19.09,-19.14,-5.431,,
1_no_contraction_seed42,1100,-19.39,-19.2,-5.166,0.0,5.95
1_no_contraction_seed42,1110,-19.1,-19.2,-6.058,,
1_no_contraction_seed42,1120,-19.0,-19.01,-4.504,,
1_no_contraction_seed42,1130,-19.2,-19.31,-6.38,,
1_no_contraction_seed42,1140,-19.34,-19.24,-6.44,,
1_no_contraction_seed42,1150,-19.37,-19.19,-6.383,0.0,5.95
1_no_contraction_seed42,1160,-19.33,-19.12,-5.136,,
1_no_contraction_seed42,1170,-19.1,-19.13,-5.461,,
1_no_contraction_seed42,1180,-19.36,-19.16,-5.744,,
1_no_contraction_seed42,1190,-19.26,-19.12,-5.482,,
1_no_contraction_seed42,1200,-19.53,-19.28,-7.082,0.0,5.975
1_no_contraction_seed42,1210,-19.4,-19.28,-6.661,,
1_no_contraction_seed42,1220,-19.23,-19.35,-6.457,,
1_no_contraction_seed42,1230,-19.19,-19.34,-7.891,,
1_no_contraction_seed42,1240,-19.32,-19.24,-6.425,,
1_no_contraction_seed42,1250,-19.06,-18.98,-4.459,0.0,5.975
1_no_contraction_seed42,1260,-19.34,-19.19,-5.743,,
1_no_contraction_seed42,1270,-19.45,-19.22,-6.373,,
1_no_contraction_seed42,1280,-19.24,-19.25,-6.137,,
1_no_contraction_seed42,1290,-19.51,-19.37,-6.738,,
1_no_contraction_seed42,1300,-19.27,-19.24,-6.702,0.0,6.013
1_no_contraction_seed42,1310,-19.13,-19.26,-5.714,,
1_no_contraction_seed42,1320,-19.44,-19.5,-7.69,,
1_no_contraction_seed42,1330,-19.27,-19.48,-7.98,,
1_no_contraction_seed42,1340,-19.3,-19.19,-5.73,,
1_no_contraction_seed42,1350,-19.64,-19.29,-6.974,0.0,5.987
1_no_contraction_seed42,1360,-19.41,-19.47,-8.024,,
1_no_contraction_seed42,1370,-18.89,-18.99,-4.724,,
1_no_contraction_seed42,1380,-19.18,-19.2,-6.356,,
1_no_contraction_seed42,1390,-18.99,-19.13,-5.151,,
1_no_contraction_seed42,1400,-19.36,-19.4,-6.699,0.0,5.987
1_no_contraction_seed42,1410,-19.18,-19.27,-6.302,,
1_no_contraction_seed42,1420,-18.97,-19.31,-6.999,,
1_no_contraction_seed42,1430,-19.16,-19.34,-6.68,,
1_no_contraction_seed42,1440,-19.26,-19.35,-6.749,,
1_no_contraction_seed42,1450,-19.09,-19.2,-5.753,0.0,5.987
1_no_contraction_seed42,1460,-18.97,-19.19,-6.683,,
1_no_contraction_seed42,1470,-19.21,-19.24,-6.901,,
1_no_contraction_seed42,1480,-19.14,-19.19,-5.731,,
1_no_contraction_seed42,1490,-19.31,-19.35,-6.733,,
1_no_contraction_seed42,1500,-19.21,-19.26,-6.032,0.0,6.0
1_no_contraction_seed42,1510,-19.11,-19.11,-4.536,,
1_no_contraction_seed42,1520,-19.11,-19.28,-6.414,,
1_no_contraction_seed42,1530,-18.92,-19.16,-5.702,,
1_no_contraction_seed42,1540,-19.14,-19.19,-5.811,,
1_no_contraction_seed42,1550,-19.29,-19.13,-5.746,0.0,5.975
1_no_contraction_seed42,1560,-19.33,-19.4,-7.023,,
1_no_contraction_seed42,1570,-19.38,-19.4,-7.27,,
1_no_contraction_seed42,1580,-19.09,-19.08,-4.823,,
1_no_contraction_seed42,1590,-19.15,-19.32,-6.385,,
1_no_contraction_seed42,1600,-19.17,-19.32,-6.444,0.0,5.95
1_no_contraction_seed42,1610,-19.28,-19.32,-7.016,,
1_no_contraction_seed42,1620,-19.35,-19.09,-4.521,,
1_no_contraction_seed42,1630,-19.3,-19.28,-6.309,,
1_no_contraction_seed42,1640,-19.3,-19.15,-4.851,,
1_no_contraction_seed42,1650,-19.43,-19.27,-6.426,0.0,5.95
1_no_contraction_seed42,1660,-19.33,-19.12,-5.39,,
1_no_contraction_seed42,1670,-19.25,-19.29,-6.485,,
1_no_contraction_seed42,1680,-19.14,-19.2,-5.782,,
1_no_contraction_seed42,1690,-19.26,-19.51,-8.281,,
1_no_contraction_seed42,1700,-19.01,-19.05,-4.434,0.0,5.925
1_no_contraction_seed42,1710,-19.41,-19.26,-6.376,,
1_no_contraction_seed42,1720,-19.56,-19.28,-6.711,,
1_no_contraction_seed42,1730,-18.99,-19.24,-5.744,,
1_no_contraction_seed42,1740,-19.13,-19.31,-7.023,,
1_no_contraction_seed42,1750,-19.44,-19.33,-6.705,0.0,5.925
1_no_contraction_seed42,1760,-19.59,-19.49,-8.597,,
1_no_contraction_seed42,1770,-19.43,-19.2,-6.908,,
1_no_contraction_seed42,1780,-19.04,-19.3,-7.025,,
1_no_contraction_seed42,1790,-18.74,-19.27,-6.426,,
1_no_contraction_seed42,1800,-19.38,-19.17,-6.008,0.0,5.912
1_no_contraction_seed42,1810,-19.37,-19.45,-8.354,,
1_no_contraction_seed42,1820,-19.17,-19.33,-7.021,,
1_no_contraction_seed42,1830,-19.33,-19.21,-5.815,,
1_no_contraction_seed42,1840,-19.31,-19.19,-6.062,,
1_no_contraction_seed42,1850,-19.61,-19.33,-6.745,0.0,5.862
1_no_contraction_seed42,1860,-19.25,-19.06,-4.504,,
1_no_contraction_seed42,1870,-19.05,-19.42,-7.607,,
1_no_contraction_seed42,1880,-19.09,-19.26,-6.386,,
1_no_contraction_seed42,1890,-19.25,-19.22,-5.48,,
1_no_contraction_seed42,1900,-18.98,-19.31,-6.72,0.0,5.888
1_no_contraction_seed42,1910,-19.28,-19.22,-6.377,,
1_no_contraction_seed42,1920,-19.37,-19.2,-5.783,,
1_no_contraction_seed42,1930,-19.3,-19.26,-6.42,,
1_no_contraction_seed42,1940,-19.14,-19.08,-4.785,,
1_no_contraction_seed42,1950,-19.23,-19.18,-6.069,0.0,5.875
1_no_contraction_seed42,1960,-19.26,-19.12,-5.749,,
1_no_contraction_seed42,1970,-19.07,-18.99,-4.982,,
1_no_contraction_seed42,1980,-19.24,-19.26,-7.035,,
1_no_contraction_seed42,1990,-19.07,-19.1,-5.385,,
1_no_contraction_seed42,2000,-19.68,-19.28,-6.438,0.0,5.9
1_no_contraction_seed42,2010,-19.31,-19.25,-6.068,,
1_no_contraction_seed42,2020,-19.14,-19.25,-7.211,,
1_no_contraction_seed42,2030,-19.26,-19.31,-6.709,,
1_no_contraction_seed42,2040,-18.89,-19.27,-6.385,,
1_no_contraction_seed42,2050,-19.57,-19.28,-6.41,0.0,5.9
1_no_contraction_seed42,2060,-19.33,-19.37,-6.714,,
1_no_contraction_seed42,2070,-19.15,-19.08,-5.125,,
1_no_contraction_seed42,2080,-19.12,-19.22,-7.025,,
1_no_contraction_seed42,2090,-19.23,-19.47,-8.285,,
1_no_contraction_seed42,2100,-19.29,-19.0,-3.592,0.0,5.925
1_no_contraction_seed42,2110,-19.24,-19.42,-7.631,,
1_no_contraction_seed42,2120,-18.93,-19.24,-6.044,,
1_no_contraction_seed42,2130,-19.2,-19.16,-6.086,,
1_no_contraction_seed42,2140,-19.29,-19.21,-5.78,,
1_no_contraction_seed42,2150,-19.43,-19.26,-6.112,0.0,5.888
1_no_contraction_seed42,2160,-19.54,-19.19,-5.739,,
1_no_contraction_seed42,2170,-19.21,-19.08,-4.544,,
1_no_contraction_seed42,2180,-19.43,-19.43,-7.963,,
1_no_contraction_seed42,2190,-19.29,-19.23,-6.097,,
1_no_contraction_seed42,2200,-19.38,-19.32,-6.696,0.0,5.888
1_no_contraction_seed42,2210,-19.58,-19.45,-8.005,,
1_no_contraction_seed42,2220,-19.06,-19.24,-6.046,,
1_no_contraction_seed42,2230,-19.17,-19.39,-7.432,,
1_no_contraction_seed42,2240,-19.3,-19.37,-7.009,,
1_no_contraction_seed42,2250,-19.38,-19.37,-7.069,0.0,5.862
1_no_contraction_seed42,2260,-19.41,-19.26,-6.449,,
1_no_contraction_seed42,2270,-19.42,-19.41,-7.718,,
1_no_contraction_seed42,2280,-19.41,-19.39,-7.364,,
1_no_contraction_seed42,2290,-19.16,-19.27,-5.517,,
1_no_contraction_seed42,2300,-19.36,-19.22,-6.702,0.0,5.862
1_no_contraction_seed42,2310,-19.36,-19.15,-6.015,,
1_no_contraction_seed42,2320,-19.15,-19.13,-5.434,,
1_no_contraction_seed42,2330,-18.92,-19.4,-6.762,,
1_no_contraction_seed42,2340,-19.51,-19.28,-6.743,,
1_no_contraction_seed42,2350,-19.1,-19.26,-5.825,0.0,5.888
1_no_contraction_seed42,2360,-19.16,-19.43,-7.111,,
1_no_contraction_seed42,2370,-19.28,-19.14,-4.567,,
1_no_contraction_seed42,2380,-19.4,-19.37,-6.748,,
1_no_contraction_seed42,2390,-19.47,-19.33,-7.108,,
1_no_contraction_seed42,2400,-19.05,-19.21,-6.413,0.0,5.862
1_no_contraction_seed42,2410,-19.18,-19.42,-7.563,,
1_no_contraction_seed42,2420,-19.28,-19.28,-6.749,,
1_no_contraction_seed42,2430,-19.26,-19.21,-6.103,,
1_no_contraction_seed42,2440,-19.16,-19.06,-4.803,,
1_no_contraction_seed42,2450,-19.27,-19.01,-5.619,0.0,5.838
1_no_contraction_seed42,2460,-19.45,-19.43,-7.364,,
1_no_contraction_seed42,2470,-19.5,-19.45,-8.024,,
1_no_contraction_seed42,2480,-19.06,-19.32,-6.74,,
1_no_contraction_seed42,2490,-19.13,-19.21,-6.736,,
1_no_contraction_seed42,2500,-19.17,-19.22,-6.053,0.0,5.838
1_no_contraction_seed42,2510,-19.1,-19.09,-5.739,,
1_no_contraction_seed42,2520,-19.17,-19.06,-4.822,,
1_no_contraction_seed42,2530,-19.13,-19.15,-5.757,,
1_no_contraction_seed42,2540,-19.32,-19.29,-6.449,,
1_no_contraction_seed42,2550,-19.06,-19.49,-8.278,0.0,5.838
1_no_contraction_seed42,2560,-19.45,-19.27,-6.434,,
1_no_contraction_seed42,2570,-19.34,-19.3,-6.155,,
1_no_contraction_seed42,2580,-19.44,-19.32,-6.403,,
1_no_contraction_seed42,2590,-19.05,-19.16,-5.462,,
1_no_contraction_seed42,2600,-19.05,-19.2,-5.772,0.0,5.838
1_no_contraction_seed42,2610,-19.09,-19.18,-5.224,,
1_no_contraction_seed42,2620,-19.07,-19.15,-4.88,,
1_no_contraction_seed42,2630,-19.27,-19.2,-6.074,,
1_no_contraction_seed42,2640,-19.27,-19.38,-6.756,,
1_no_contraction_seed42,2650,-19.12,-19.24,-6.142,0.0,5.838
1_no_contraction_seed42,2660,-19.16,-19.2,-6.131,,
1_no_contraction_seed42,2670,-19.49,-19.3,-7.088,,
1_no_contraction_seed42,2680,-19.33,-19.33,-7.666,,
1_no_contraction_seed42,2690,-19.51,-19.36,-7.066,,
1_no_contraction_seed42,2700,-19.18,-19.21,-6.739,0.0,5.838
1_no_contraction_seed42,2710,-19.15,-19.46,-7.724,,
1_no_contraction_seed42,2720,-19.24,-19.21,-5.807,,
1_no_contraction_seed42,2730,-19.38,-19.31,-6.422,,
1_no_contraction_seed42,2740,-19.21,-19.22,-6.377,,
1_no_contraction_seed42,2750,-19.16,-19.41,-7.777,0.0,5.838
1_no_contraction_seed42,2760,-19.34,-19.31,-7.083,,
1_no_contraction_seed42,2770,-19.4,-19.2,-5.48,,
1_no_contraction_seed42,2780,-19.31,-19.37,-7.037,,
1_no_contraction_seed42,2790,-19.18,-19.3,-6.98,,
1_no_contraction_seed42,2800,-19.25,-19.25,-5.547,0.0,5.838
1_no_contraction_seed42,2810,-19.17,-19.37,-7.065,,
1_no_contraction_seed42,2820,-19.42,-19.32,-7.003,,
1_no_contraction_seed42,2830,-19.39,-19.35,-7.289,,
1_no_contraction_seed42,2840,-19.03,-19.23,-5.81,,
1_no_contraction_seed42,2850,-19.14,-19.1,-4.826,0.0,5.838
1_no_contraction_seed42,2860,-19.66,-19.3,-5.863,,
1_no_contraction_seed42,2870,-19.05,-19.33,-7.621,,
1_no_contraction_seed42,2880,-19.07,-19.34,-7.088,,
1_no_contraction_seed42,2890,-19.22,-19.04,-4.19,,
1_no_contraction_seed42,2900,-19.43,-19.29,-6.386,0.0,5.838
1_no_contraction_seed42,2910,-19.23,-19.13,-4.878,,
1_no_contraction_seed42,2920,-19.26,-19.08,-4.833,,
1_no_contraction_seed42,2930,-19.29,-19.32,-6.975,,
1_no_contraction_seed42,2940,-19.46,-19.29,-6.968,,
1_no_contraction_seed42,2950,-19.34,-19.29,-7.071,0.0,5.838
1_no_contraction_seed42,2960,-19.47,-19.28,-5.795,,
1_no_contraction_seed42,2970,-19.15,-19.33,-7.066,,
1_no_contraction_seed42,2980,-19.16,-19.33,-7.945,,
1_no_contraction_seed42,2990,-18.89,-18.99,-4.483,,
1_no_contraction_seed42,3000,-19.49,-19.26,-6.116,0.0,5.838
1_no_contraction_seed42,3010,-19.36,-19.15,-5.74,,
1_no_contraction_seed42,3020,-19.23,-19.28,-6.086,,
1_no_contraction_seed42,3030,-18.97,-19.22,-6.079,,
1_no_contraction_seed42,3040,-19.44,-19.12,-5.436,,
1_no_contraction_seed42,3050,-19.32,-19.29,-6.115,0.0,5.838
1_no_contraction_seed42,3060,-19.06,-19.26,-5.799,,
1_no_contraction_seed42,3070,-19.33,-19.26,-6.671,,
1_no_contraction_seed42,3080,-19.37,-19.36,-6.728,,
1_no_contraction_seed42,3090,-19.31,-19.39,-7.067,,
1_no_contraction_seed42,3100,-19.25,-19.35,-6.728,0.0,5.838
1_no_contraction_seed42,3110,-18.99,-19.22,-6.087,,
1_no_contraction_seed42,3120,-19.53,-19.21,-5.79,,
1_no_contraction_seed42,3130,-19.25,-19.42,-7.695,,
1_no_contraction_seed42,3140,-19.24,-19.26,-6.125,,
1_no_contraction_seed42,3150,-19.38,-19.38,-6.462,0.0,5.838
1_no_contraction_seed42,3160,-19.27,-19.33,-7.034,,
1_no_contraction_seed42,3170,-19.17,-19.29,-7.069,,
1_no_contraction_seed42,3180,-19.2,-19.11,-4.578,,
1_no_contraction_seed42,3190,-19.24,-19.22,-5.503,,
1_no_contraction_seed42,3200,-19.42,-19.18,-6.096,0.0,5.838
1_no_contraction_seed42,3210,-19.24,-19.24,-6.399,,
1_no_contraction_seed42,3220,-19.37,-19.24,-5.815,,
1_no_contraction_seed42,3230,-19.11,-19.06,-5.114,,
1_no_contraction_seed42,3240,-19.32,-19.34,-7.641,,
1_no_contraction_seed42,3250,-19.07,-19.24,-6.102,0.0,5.838
1_no_contraction_seed42,3260,-19.49,-19.23,-6.454,,
1_no_contraction_seed42,3270,-19.25,-19.29,-6.727,,
1_no_contraction_seed42,3280,-19.26,-19.16,-6.384,,
1_no_contraction_seed42,3290,-19.25,-19.41,-7.037,,
1_no_contraction_seed42,3300,-19.31,-19.22,-5.796,0.0,5.838
1_no_contraction_seed42,3310,-19.26,-19.23,-5.821,,
1_no_contraction_seed42,3320,-19.2,-19.25,-6.155,,
1_no_contraction_seed42,3330,-19.22,-19.18,-5.784,,
1_no_contraction_seed42,3340,-19.45,-19.15,-5.769,,
1_no_contraction_seed42,3350,-19.29,-19.24,-5.806,0.0,5.838
1_no_contraction_seed42,3360,-19.33,-19.3,-7.089,,
1_no_contraction_seed42,3370,-19.43,-19.2,-5.176,,
1_no_contraction_seed42,3380,-19.19,-19.13,-5.137,,
1_no_contraction_seed42,3390,-19.31,-19.3,-6.772,,
1_no_contraction_seed42,3400,-19.2,-19.37,-7.004,0.0,5.838
1_no_contraction_seed42,3410,-19.2,-19.31,-7.005,,
1_no_contraction_seed42,3420,-19.29,-19.19,-6.055,,
1_no_contraction_seed42,3430,-19.19,-19.3,-6.739,,
1_no_contraction_seed42,3440,-19.47,-19.21,-5.463,,
1_no_contraction_seed42,3450,-19.39,-19.36,-7.101,0.0,5.838
1_no_contraction_seed42,3460,-19.3,-19.22,-6.103,,
1_no_contraction_seed42,3470,-19.16,-19.18,-6.052,,
1_no_contraction_seed42,3480,-19.56,-19.26,-6.123,,
1_no_contraction_seed42,3490,-18.93,-19.23,-6.381,,
1_no_contraction_seed42,3500,-19.46,-19.28,-6.404,0.0,5.838
1_no_contraction_seed42,3510,-19.07,-19.15,-5.425,,
1_no_contraction_seed42,3520,-19.49,-19.45,-7.961,,
1_no_contraction_seed42,3530,-19.26,-19.39,-7.073,,
1_no_contraction_seed42,3540,-19.39,-19.07,-4.253,,
1_no_contraction_seed42,3550,-19.32,-19.14,-5.446,0.0,5.838
1_no_contraction_seed42,3560,-19.23,-19.27,-6.804,,
1_no_contraction_seed42,3570,-19.32,-19.36,-7.077,,
1_no_contraction_seed42,3580,-19.12,-19.25,-6.019,,
1_no_contraction_seed42,3590,-19.28,-19.31,-6.677,,
1_no_contraction_seed42,3600,-19.23,-19.39,-7.366,0.0,5.838
1_no_contraction_seed42,3610,-19.37,-19.16,-5.76,,
1_no_contraction_seed42,3620,-19.21,-19.22,-5.811,,
1_no_contraction_seed42,3630,-19.25,-19.24,-5.532,,
1_no_contraction_seed42,3640,-19.3,-19.18,-5.5,,
1_no_contraction_seed42,3650,-19.2,-19.33,-7.085,0.0,5.838
1_no_contraction_seed42,3660,-19.34,-19.26,-6.398,,
1_no_contraction_seed42,3670,-19.48,-19.42,-7.681,,
1_no_contraction_seed42,3680,-19.3,-19.21,-5.804,,
1_no_contraction_seed42,3690,-19.39,-19.27,-7.239,,
1_no_contraction_seed42,3700,-19.31,-19.28,-6.063,0.0,5.838
1_no_contraction_seed42,3710,-19.27,-19.35,-6.125,,
1_no_contraction_seed42,3720,-19.28,-19.32,-7.034,,
1_no_contraction_seed42,3730,-19.28,-19.23,-6.104,,
1_no_contraction_seed42,3740,-19.13,-19.23,-6.064,,
1_no_contraction_seed42,3750,-19.34,-19.36,-7.028,0.0,5.838
1_no_contraction_seed42,3760,-19.29,-19.37,-7.038,,
1_no_contraction_seed42,3770,-19.14,-19.34,-7.043,,
1_no_contraction_seed42,3780,-19.26,-19.25,-6.717,,
1_no_contraction_seed42,3790,-19.12,-18.98,-3.908,,
1_no_contraction_seed42,3800,-19.55,-19.37,-7.073,0.0,5.838
1_no_contraction_seed42,3810,-19.1,-19.32,-6.377,,
1_no_contraction_seed42,3820,-19.41,-19.07,-4.799,,
1_no_contraction_seed42,3830,-19.21,-19.17,-5.208,,
1_no_contraction_seed42,3840,-19.42,-19.22,-6.448,,
1_no_contraction_seed42,3850,-19.1,-19.11,-5.146,0.0,5.838
1_no_contraction_seed42,3860,-19.31,-19.24,-5.804,,
1_no_contraction_seed42,3870,-19.37,-19.35,-6.465,,
1_no_contraction_seed42,3880,-19.09,-19.45,-7.392,,
1_no_contraction_seed42,3890,-19.42,-19.3,-6.666,,
1_no_contraction_seed42,3900,-19.39,-19.33,-6.434,0.0,5.838
1_no_contraction_seed42,3910,-19.04,-19.1,-5.15,,
1_no_contraction_seed42,3920,-19.4,-19.26,-6.738,,
1_no_contraction_seed42,3930,-19.29,-19.3,-6.762,,
1_no_contraction_seed42,3940,-19.27,-19.23,-6.736,,
1_no_contraction_seed42,3950,-19.16,-19.11,-5.191,0.0,5.838
1_no_contraction_seed42,3960,-19.37,-19.29,-6.145,,
1_no_contraction_seed42,3970,-19.4,-19.39,-7.623,,
1_no_contraction_seed42,3980,-19.34,-19.41,-8.029,,
1_no_contraction_seed42,3990,-19.3,-19.36,-7.023,,
1_no_contraction_seed42,4000,-19.37,-19.23,-6.09,0.0,5.838
1_no_contraction_seed42,4010,-19.36,-19.22,-5.21,,
1_no_contraction_seed42,4020,-19.29,-19.34,-7.343,,
1_no_contraction_seed42,4030,-19.39,-19.28,-6.109,,
1_no_contraction_seed42,4040,-19.33,-19.36,-7.075,,
1_no_contraction_seed42,4050,-19.21,-19.21,-6.395,0.0,5.838
1_no_contraction_seed42,4060,-19.39,-19.27,-5.816,,
1_no_contraction_seed42,4070,-19.14,-19.23,-5.543,,
1_no_contraction_seed42,4080,-19.42,-19.33,-6.756,,
1_no_contraction_seed42,4090,-19.19,-19.41,-7.377,,
1_no_contraction_seed42,4100,-19.39,-19.32,-6.141,0.0,5.838
1_no_contraction_seed42,4110,-19.12,-19.28,-6.431,,
1_no_contraction_seed42,4120,-19.43,-19.03,-4.514,,
1_no_contraction_seed42,4130,-19.1,-19.08,-4.246,,
1_no_contraction_seed42,4140,-19.32,-19.22,-6.081,,
1_no_contraction_seed42,4150,-19.37,-19.32,-7.121,0.0,5.838
1_no_contraction_seed42,4160,-19.24,-19.28,-6.729,,
1_no_contraction_seed42,4170,-19.39,-19.29,-6.429,,
1_no_contraction_seed42,4180,-19.25,-19.28,-7.668,,
1_no_contraction_seed42,4190,-19.36,-19.43,-7.314,,
1_no_contraction_seed42,4200,-19.37,-19.18,-5.513,0.0,5.838
1_no_contraction_seed42,4210,-19.28,-19.25,-6.115,,
1_no_contraction_seed42,4220,-19.34,-19.12,-4.913,,
1_no_contraction_seed42,4230,-19.38,-19.3,-6.181,,
1_no_contraction_seed42,4240,-19.4,-19.29,-5.838,,
1_no_contraction_seed42,4250,-19.19,-19.19,-5.833,0.0,5.838
1_no_contraction_seed42,4260,-19.27,-19.22,-5.779,,
1_no_contraction_seed42,4270,-19.14,-19.36,-7.652,,
1_no_contraction_seed42,4280,-19.41,-19.39,-7.354,,
1_no_contraction_seed42,4290,-19.2,-19.31,-6.669,,
1_no_contraction_seed42,4300,-19.41,-19.36,-7.11,0.0,5.838
1_no_contraction_seed42,4310,-19.2,-19.3,-5.818,,
1_no_contraction_seed42,4320,-19.32,-19.19,-5.481,,
1_no_contraction_seed42,4330,-19.23,-19.32,-6.796,,
1_no_contraction_seed42,4340,-19.34,-19.23,-6.472,,
1_no_contraction_seed42,4350,-19.23,-19.12,-5.193,0.0,5.838
1_no_contraction_seed42,4360,-19.33,-19.25,-5.84,,
1_no_contraction_seed42,4370,-19.26,-19.25,-6.09,,
1_no_contraction_seed42,4380,-19.33,-19.33,-6.419,,
1_no_contraction_seed42,4390,-19.33,-19.24,-6.442,,
1_no_contraction_seed42,4400,-19.35,-19.28,-6.467,0.0,5.838
1_no_contraction_seed42,4410,-19.32,-19.21,-6.133,,
1_no_contraction_seed42,4420,-19.27,-19.24,-6.188,,
1_no_contraction_seed42,4430,-19.23,-18.95,-3.578,,
1_no_contraction_seed42,4440,-19.24,-19.31,-7.017,,
1_no_contraction_seed42,4450,-19.32,-19.26,-6.114,0.0,5.838
1_no_contraction_seed42,4460,-19.13,-19.19,-5.19,,
1_no_contraction_seed42,4470,-19.3,-19.29,-6.376,,
1_no_contraction_seed42,4480,-19.22,-19.26,-6.13,,
1_no_contraction_seed42,4490,-19.36,-19.33,-6.471,,
1_no_contraction_seed42,4500,-19.39,-19.18,-5.524,0.0,5.838
1_no_contraction_seed42,4510,-19.28,-19.23,-5.819,,
1_no_contraction_seed42,4520,-19.18,-19.29,-6.417,,
1_no_contraction_seed42,4530,-19.32,-19.38,-7.333,,
1_no_contraction_seed42,4540,-19.25,-19.36,-7.049,,
1_no_contraction_seed42,4550,-19.33,-19.28,-6.709,0.0,5.838
1_no_contraction_seed42,4560,-19.33,-19.28,-6.122,,
1_no_contraction_seed42,4570,-19.25,-19.1,-5.207,,
1_no_contraction_seed42,4580,-19.27,-19.25,-6.448,,
1_no_contraction_seed42,4590,-19.34,-19.36,-7.69,,
1_no_contraction_seed42,4600,-19.32,-19.34,-6.145,0.0,5.838
1_no_contraction_seed42,4610,-19.37,-19.23,-5.807,,
1_no_contraction_seed42,4620,-19.4,-19.37,-7.413,,
1_no_contraction_seed42,4630,-19.18,-19.23,-6.037,,
1_no_contraction_seed42,4640,-19.27,-19.29,-6.67,,
1_no_contraction_seed42,4650,-19.15,-19.32,-6.968,0.0,5.838
1_no_contraction_seed42,4660,-19.38,-19.36,-7.332,,
1_no_contraction_seed42,4670,-19.37,-19.41,-7.367,,
1_no_contraction_seed42,4680,-19.26,-19.23,-5.782,,
1_no_contraction_seed42,4690,-19.25,-19.3,-7.006,,
1_no_contraction_seed42,4700,-19.46,-19.14,-5.488,0.0,5.838
1_no_contraction_seed42,4710,-19.29,-19.44,-7.394,,
1_no_contraction_seed42,4720,-19.31,-19.27,-6.096,,
1_no_contraction_seed42,4730,-19.3,-19.18,-6.097,,
1_no_contraction_seed42,4740,-19.24,-19.16,-5.188,,
1_no_contraction_seed42,4750,-19.08,-19.07,-4.855,0.0,5.838
1_no_contraction_seed42,4760,-19.35,-19.15,-4.615,,
1_no_contraction_seed42,4770,-19.32,-19.37,-7.083,,
1_no_contraction_seed42,4780,-19.03,-18.94,-3.854,,
1_no_contraction_seed42,4790,-19.4,-19.37,-7.649,,
1_no_contraction_seed42,4800,-19.39,-19.2,-5.811,0.0,5.838
1_no_contraction_seed42,4810,-19.35,-19.18,-4.911,,
1_no_contraction_seed42,4820,-19.17,-19.08,-4.862,,
1_no_contraction_seed42,4830,-19.34,-19.29,-6.134,,
1_no_contraction_seed42,4840,-19.35,-19.21,-6.141,,
1_no_contraction_seed42,4850,-19.28,-19.33,-6.447,0.0,5.838
1_no_contraction_seed42,4860,-19.3,-19.41,-7.638,,
1_no_contraction_seed42,4870,-19.34,-19.32,-7.076,,
1_no_contraction_seed42,4880,-19.23,-19.18,-5.489,,
1_no_contraction_seed42,4890,-19.31,-19.34,-6.778,,
1_no_contraction_seed42,4900,-19.34,-19.19,-6.632,0.0,5.838
1_no_contraction_seed42,4910,-19.1,-19.17,-5.219,,
1_no_contraction_seed42,4920,-19.35,-19.31,-6.446,,
1_no_contraction_seed42,4930,-19.36,-19.14,-5.135,,
1_no_contraction_seed42,4940,-19.16,-19.36,-6.752,,
1_no_contraction_seed42,4950,-19.25,-19.25,-6.07,0.0,5.838
1_no_contraction_seed42,4960,-19.31,-19.25,-6.367,,
1_no_contraction_seed42,4970,-19.1,-19.06,-5.43,,
1_no_contraction_seed42,4980,-19.37,-19.44,-7.965,,
1_no_contraction_seed42,4990,-19.35,-19.27,-6.438,,
1_no_contraction_seed42,5000,-19.16,-19.36,-6.735,0.0,5.838
2_weak_contraction_seed42,10,0.07,-19.5,-7.054,,
2_weak_contraction_seed42,20,-0.61,-19.67,-6.256,,
2_weak_contraction_seed42,30,-1.82,-19.71,-7.782,,
2_weak_contraction_seed42,40,-3.77,-19.56,-6.466,,
2_weak_contraction_seed42,50,-5.84,-19.61,-7.051,0.0,5.812
2_weak_contraction_seed42,60,-8.26,-19.71,-5.96,,
2_weak_contraction_seed42,70,-10.82,-19.75,-4.58,,
2_weak_contraction_seed42,80,-13.55,-19.73,-6.496,,
2_weak_contraction_seed42,90,-14.89,-19.72,-6.242,,
2_weak_contraction_seed42,100,-16.87,-19.58,-6.515,0.0,6.013
2_weak_contraction_seed42,110,-17.84,-19.63,-5.241,,
2_weak_contraction_seed42,120,-18.68,-19.57,-7.037,,
2_weak_contraction_seed42,130,-19.23,-19.76,-4.975,,
2_weak_contraction_seed42,140,-19.69,-19.59,-6.447,,
2_weak_contraction_seed42,150,-19.71,-19.47,-7.044,0.0,5.975
2_weak_contraction_seed42,160,-19.74,-19.61,-7.152,,
2_weak_contraction_seed42,170,-19.78,-19.76,-5.233,,
2_weak_contraction_seed42,180,-19.81,-19.74,-5.604,,
2_weak_contraction_seed42,190,-19.65,-19.63,-7.248,,
2_weak_contraction_seed42,200,-19.87,-19.57,-6.049,0.0,5.862
2_weak_contraction_seed42,210,-19.82,-19.47,-7.361,,
2_weak_contraction_seed42,220,-19.61,-19.51,-6.133,,
2_weak_contraction_seed42,230,-19.83,-19.58,-6.15,,
2_weak_contraction_seed42,240,-19.98,-19.48,-7.099,,
2_weak_contraction_seed42,250,-19.88,-19.73,-6.621,0.0,5.9
2_weak_contraction_seed42,260,-19.87,-19.7,-6.659,,
2_weak_contraction_seed42,270,-19.96,-19.61,-6.842,,
2_weak_contraction_seed42,280,-19.89,-19.6,-7.611,,
2_weak_contraction_seed42,290,-19.97,-19.73,-4.891,,
2_weak_contraction_seed42,300,-19.91,-19.7,-5.662,0.0,5.9
2_weak_contraction_seed42,310,-19.97,-19.84,-6.229,,
2_weak_contraction_seed42,320,-19.99,-19.73,-6.569,,
2_weak_contraction_seed42,330,-19.99,-19.68,-6.564,,
2_weak_contraction_seed42,340,-19.99,-19.76,-6.762,,
2_weak_contraction_seed42,350,-19.91,-19.63,-8.178,0.0,5.912
2_weak_contraction_seed42,360,-19.93,-19.83,-3.927,,
2_weak_contraction_seed42,370,-19.98,-19.6,-6.097,,
2_weak_contraction_seed42,380,-19.97,-19.7,-5.859,,
2_weak_contraction_seed42,390,-20.0,-19.69,-5.914,,
2_weak_contraction_seed42,400,-19.99,-19.72,-6.979,0.0,5.862
2_weak_contraction_seed42,410,-20.0,-19.8,-4.965,,
2_weak_contraction_seed42,420,-20.0,-19.61,-7.758,,
2_weak_contraction_seed42,430,-19.97,-19.56,-6.811,,
2_weak_contraction_seed42,440,-19.99,-19.68,-6.567,,
2_weak_contraction_seed42,450,-20.0,-19.64,-7.888,0.0,5.925
2_weak_contraction_seed42,460,-19.92,-19.74,-6.44,,
2_weak_contraction_seed42,470,-19.83,-19.77,-5.744,,
2_weak_contraction_seed42,480,-20.0,-19.66,-6.871,,
2_weak_contraction_seed42,490,-20.0,-19.68,-5.331,,
2_weak_contraction_seed42,500,-20.0,-19.68,-6.26,0.0,5.825
2_weak_contraction_seed42,510,-20.0,-19.76,-4.43,,
2_weak_contraction_seed42,520,-20.0,-19.67,-6.889,,
2_weak_contraction_seed42,530,-20.0,-19.79,-5.746,,
2_weak_contraction_seed42,540,-20.0,-19.67,-7.217,,
2_weak_contraction_seed42,550,-20.0,-19.57,-6.447,0.0,5.812
2_weak_contraction_seed42,560,-20.0,-19.75,-6.78,,
2_weak_contraction_seed42,570,-20.0,-19.79,-6.289,,
2_weak_contraction_seed42,580,-20.0,-19.61,-7.171,,
2_weak_contraction_seed42,590,-20.0,-19.72,-6.998,,
2_weak_contraction_seed42,600,-20.0,-19.7,-5.662,0.0,5.812
2_weak_contraction_seed42,610,-20.0,-19.76,-6.715,,
2_weak_contraction_seed42,620,-20.0,-19.67,-6.273,,
2_weak_contraction_seed42,630,-20.0,-19.62,-6.843,,
2_weak_contraction_seed42,640,-20.0,-19.73,-8.22,,
2_weak_contraction_seed42,650,-20.0,-19.67,-6.857,0.0,5.787
2_weak_contraction_seed42,660,-20.0,-19.73,-5.299,,
2_weak_contraction_seed42,670,-20.0,-19.77,-4.983,,
2_weak_contraction_seed42,680,-20.0,-19.8,-7.054,,
2_weak_contraction_seed42,690,-20.0,-19.65,-6.262,,
2_weak_contraction_seed42,700,-20.0,-19.64,-6.864,0.0,5.8
2_weak_contraction_seed42,710,-20.0,-19.86,-6.011,,
2_weak_contraction_seed42,720,-20.0,-19.74,-7.001,,
2_weak_contraction_seed42,730,-20.0,-19.68,-6.58,,
2_weak_contraction_seed42,740,-20.0,-19.67,-6.959,,
2_weak_contraction_seed42,750,-20.0,-19.85,-5.041,0.0,5.8
2_weak_contraction_seed42,760,-20.0,-19.78,-6.028,,
2_weak_contraction_seed42,770,-20.0,-19.76,-5.377,,
2_weak_contraction_seed42,780,-20.0,-19.73,-6.955,,
2_weak_contraction_seed42,790,-20.0,-19.8,-5.078,,
2_weak_contraction_seed42,800,-20.0,-19.75,-6.967,0.0,5.8
2_weak_contraction_seed42,810,-20.0,-19.7,-7.948,,
2_weak_contraction_seed42,820,-20.0,-19.71,-6.299,,
2_weak_contraction_seed42,830,-20.0,-19.7,-6.938,,
2_weak_contraction_seed42,840,-20.0,-19.8,-7.691,,
2_weak_contraction_seed42,850,-20.0,-19.8,-5.137,0.0,5.825
2_weak_contraction_seed42,860,-20.0,-19.81,-7.056,,
2_weak_contraction_seed42,870,-20.0,-19.78,-6.415,,
2_weak_contraction_seed42,880,-20.0,-19.74,-6.071,,
2_weak_contraction_seed42,890,-20.0,-19.72,-5.739,,
2_weak_contraction_seed42,900,-20.0,-19.67,-6.265,0.0,5.85
2_weak_contraction_seed42,910,-20.0,-19.79,-8.621,,
2_weak_contraction_seed42,920,-20.0,-19.73,-6.691,,
2_weak_contraction_seed42,930,-20.0,-19.75,-7.384,,
2_weak_contraction_seed42,940,-20.0,-19.79,-6.311,,
2_weak_contraction_seed42,950,-20.0,-19.82,-5.421,0.0,5.825
2_weak_contraction_seed42,960,-20.0,-19.65,-8.251,,
2_weak_contraction_seed42,970,-20.0,-19.66,-6.316,,
2_weak_contraction_seed42,980,-20.0,-19.69,-6.979,,
2_weak_contraction_seed42,990,-20.0,-19.73,-8.397,,
2_weak_contraction_seed42,1000,-20.0,-19.84,-5.388,0.0,5.838
2_weak_contraction_seed42,1010,-20.0,-19.74,-7.342,,
2_weak_contraction_seed42,1020,-20.0,-19.8,-4.783,,
2_weak_contraction_seed42,1030,-20.0,-19.88,-4.343,,
2_weak_contraction_seed42,1040,-20.0,-19.78,-6.431,,
2_weak_contraction_seed42,1050,-20.0,-19.83,-5.774,0.0,5.8
2_weak_contraction_seed42,1060,-20.0,-19.81,-5.092,,
2_weak_contraction_seed42,1070,-20.0,-19.79,-5.808,,
2_weak_contraction_seed42,1080,-20.0,-19.89,-4.586,,
2_weak_contraction_seed42,1090,-20.0,-19.77,-6.332,,
2_weak_contraction_seed42,1100,-20.0,-19.67,-5.619,0.0,5.8
2_weak_contraction_seed42,1110,-20.0,-19.77,-5.772,,
2_weak_contraction_seed42,1120,-20.0,-19.81,-5.674,,
2_weak_contraction_seed42,1130,-20.0,-19.77,-5.061,,
2_weak_contraction_seed42,1140,-20.0,-19.7,-7.611,,
2_weak_contraction_seed42,1150,-20.0,-19.71,-6.7,0.0,5.8
2_weak_contraction_seed42,1160,-20.0,-19.67,-6.967,,
2_weak_contraction_seed42,1170,-20.0,-19.76,-5.797,,
2_weak_contraction_seed42,1180,-20.0,-19.72,-6.672,,
2_weak_contraction_seed42,1190,-20.0,-19.77,-7.65,,
2_weak_contraction_seed42,1200,-20.0,-19.82,-7.359,0.0,5.8
2_weak_contraction_seed42,1210,-20.0,-19.85,-6.767,,
2_weak_contraction_seed42,1220,-20.0,-19.8,-5.436,,
2_weak_contraction_seed42,1230,-20.0,-19.67,-8.606,,
2_weak_contraction_seed42,1240,-20.0,-19.75,-7.683,,
2_weak_contraction_seed42,1250,-20.0,-19.79,-6.986,0.0,5.8
2_weak_contraction_seed42,1260,-20.0,-19.83,-5.125,,
2_weak_contraction_seed42,1270,-20.0,-19.74,-7.359,,
2_weak_contraction_seed42,1280,-20.0,-19.67,-7.02,,
2_weak_contraction_seed42,1290,-20.0,-19.74,-7.334,,
2_weak_contraction_seed42,1300,-20.0,-19.75,-6.984,0.0,5.8
2_weak_contraction_seed42,1310,-20.0,-19.82,-4.725,,
2_weak_contraction_seed42,1320,-20.0,-19.79,-4.787,,
2_weak_contraction_seed42,1330,-20.0,-19.72,-6.029,,
2_weak_contraction_seed42,1340,-20.0,-19.6,-6.835,,
2_weak_contraction_seed42,1350,-20.0,-19.73,-6.669,0.0,5.8
2_weak_contraction_seed42,1360,-20.0,-19.75,-5.733,,
2_weak_contraction_seed42,1370,-20.0,-19.7,-7.028,,
2_weak_contraction_seed42,1380,-20.0,-19.83,-5.132,,
2_weak_contraction_seed42,1390,-20.0,-19.86,-5.159,,
2_weak_contraction_seed42,1400,-20.0,-19.81,-6.076,0.0,5.8
2_weak_contraction_seed42,1410,-20.0,-19.74,-6.383,,
2_weak_contraction_seed42,1420,-20.0,-19.74,-7.078,,
2_weak_contraction_seed42,1430,-20.0,-19.78,-5.843,,
2_weak_contraction_seed42,1440,-20.0,-19.73,-7.937,,
2_weak_contraction_seed42,1450,-20.0,-19.74,-5.694,0.0,5.8
2_weak_contraction_seed42,1460,-20.0,-19.78,-5.81,,
2_weak_contraction_seed42,1470,-20.0,-19.76,-5.676,,
2_weak_contraction_seed42,1480,-20.0,-19.84,-7.644,,
2_weak_contraction_seed42,1490,-20.0,-19.83,-5.487,,
2_weak_contraction_seed42,1500,-20.0,-19.72,-6.296,0.0,5.8
2_weak_contraction_seed42,1510,-20.0,-19.72,-6.764,,
2_weak_contraction_seed42,1520,-20.0,-19.72,-7.269,,
2_weak_contraction_seed42,1530,-20.0,-19.82,-4.825,,
2_weak_contraction_seed42,1540,-20.0,-19.8,-6.07,,
2_weak_contraction_seed42,1550,-20.0,-19.76,-5.735,0.0,5.8
2_weak_contraction_seed42,1560,-20.0,-19.85,-5.751,,
2_weak_contraction_seed42,1570,-20.0,-19.79,-6.409,,
2_weak_contraction_seed42,1580,-20.0,-19.73,-5.421,,
2_weak_contraction_seed42,1590,-20.0,-19.7,-6.41,,
2_weak_contraction_seed42,1600,-20.0,-19.68,-7.328,0.0,5.8
2_weak_contraction_seed42,1610,-20.0,-19.73,-6.355,,
2_weak_contraction_seed42,1620,-20.0,-19.68,-6.329,,
2_weak_contraction_seed42,1630,-20.0,-19.81,-6.327,,
2_weak_contraction_seed42,1640,-20.0,-19.74,-5.983,,
2_weak_contraction_seed42,1650,-20.0,-19.71,-7.961,0.0,5.8
2_weak_contraction_seed42,1660,-20.0,-19.8,-6.439,,
2_weak_contraction_seed42,1670,-20.0,-19.77,-5.832,,
2_weak_contraction_seed42,1680,-20.0,-19.75,-6.45,,
2_weak_contraction_seed42,1690,-20.0,-19.87,-4.604,,
2_weak_contraction_seed42,1700,-20.0,-19.78,-6.023,0.0,5.8
2_weak_contraction_seed42,1710,-20.0,-19.82,-4.8,,
2_weak_contraction_seed42,1720,-20.0,-19.83,-5.81,,
2_weak_contraction_seed42,1730,-20.0,-19.76,-6.348,,
2_weak_contraction_seed42,1740,-20.0,-19.75,-5.798,,
2_weak_contraction_seed42,1750,-20.0,-19.75,-6.651,0.0,5.8
2_weak_contraction_seed42,1760,-20.0,-19.81,-7.009,,
2_weak_contraction_seed42,1770,-20.0,-19.78,-6.092,,
2_weak_contraction_seed42,1780,-20.0,-19.73,-6.74,,
2_weak_contraction_seed42,1790,-20.0,-19.85,-5.203,,
2_weak_contraction_seed42,1800,-20.0,-19.7,-5.36,0.0,5.8
2_weak_contraction_seed42,1810,-20.0,-19.79,-6.144,,
2_weak_contraction_seed42,1820,-20.0,-19.78,-6.701,,
2_weak_contraction_seed42,1830,-20.0,-19.77,-6.658,,
2_weak_contraction_seed42,1840,-20.0,-19.69,-6.712,,
2_weak_contraction_seed42,1850,-20.0,-19.85,-6.375,0.0,5.8
2_weak_contraction_seed42,1860,-20.0,-19.78,-6.053,,
2_weak_contraction_seed42,1870,-20.0,-19.82,-6.397,,
2_weak_contraction_seed42,1880,-20.0,-19.85,-5.814,,
2_weak_contraction_seed42,1890,-20.0,-19.77,-6.123,,
2_weak_contraction_seed42,1900,-20.0,-19.84,-5.143,0.0,5.8
2_weak_contraction_seed42,1910,-20.0,-19.78,-6.357,,
2_weak_contraction_seed42,1920,-20.0,-19.81,-6.795,,
2_weak_contraction_seed42,1930,-20.0,-19.78,-6.705,,
2_weak_contraction_seed42,1940,-20.0,-19.87,-5.502,,
2_weak_contraction_seed42,1950,-20.0,-19.66,-6.977,0.0,5.8
2_weak_contraction_seed42,1960,-20.0,-19.81,-5.448,,
2_weak_contraction_seed42,1970,-20.0,-19.75,-7.994,,
2_weak_contraction_seed42,1980,-20.0,-19.75,-7.06,,
2_weak_contraction_seed42,1990,-20.0,-19.75,-6.993,,
2_weak_contraction_seed42,2000,-20.0,-19.82,-6.415,0.0,5.8
2_weak_contraction_seed42,2010,-20.0,-19.82,-7.019,,
2_weak_contraction_seed42,2020,-20.0,-19.73,-7.334,,
2_weak_contraction_seed42,2030,-20.0,-19.85,-5.498,,
2_weak_contraction_seed42,2040,-20.0,-19.75,-7.009,,
2_weak_contraction_seed42,2050,-20.0,-19.85,-5.426,0.0,5.8
2_weak_contraction_seed42,2060,-20.0,-19.76,-6.338,,
2_weak_contraction_seed42,2070,-20.0,-19.73,-7.604,,
2_weak_contraction_seed42,2080,-20.0,-19.86,-6.169,,
2_weak_contraction_seed42,2090,-20.0,-19.75,-7.125,,
2_weak_contraction_seed42,2100,-20.0,-19.79,-6.785,0.0,5.8
2_weak_contraction_seed42,2110,-20.0,-19.79,-5.509,,
2_weak_contraction_seed42,2120,-20.0,-19.78,-6.772,,
2_weak_contraction_seed42,2130,-20.0,-19.83,-5.162,,
2_weak_contraction_seed42,2140,-20.0,-19.77,-5.716,,
2_weak_contraction_seed42,2150,-20.0,-19.85,-5.51,0.0,5.8
2_weak_contraction_seed42,2160,-20.0,-19.79,-6.626,,
2_weak_contraction_seed42,2170,-20.0,-19.66,-7.014,,
2_weak_contraction_seed42,2180,-20.0,-19.81,-6.11,,
2_weak_contraction_seed42,2190,-20.0,-19.79,-5.502,,
2_weak_contraction_seed42,2200,-20.0,-19.83,-6.752,0.0,5.8
2_weak_contraction_seed42,2210,-20.0,-19.72,-7.003,,
2_weak_contraction_seed42,2220,-20.0,-19.72,-6.668,,
2_weak_contraction_seed42,2230,-20.0,-19.78,-6.77,,
2_weak_contraction_seed42,2240,-20.0,-19.76,-6.389,,
2_weak_contraction_seed42,2250,-20.0,-19.77,-6.702,0.0,5.8
2_weak_contraction_seed42,2260,-20.0,-19.71,-7.692,,
2_weak_contraction_seed42,2270,-20.0,-19.82,-4.838,,
2_weak_contraction_seed42,2280,-20.0,-19.84,-6.146,,
2_weak_contraction_seed42,2290,-20.0,-19.79,-7.666,,
2_weak_contraction_seed42,2300,-20.0,-19.73,-7.671,0.0,5.8
2_weak_contraction_seed42,2310,-20.0,-19.7,-6.398,,
2_weak_contraction_seed42,2320,-20.0,-19.79,-6.465,,
2_weak_contraction_seed42,2330,-20.0,-19.73,-8.326,,
2_weak_contraction_seed42,2340,-20.0,-19.65,-7.346,,
2_weak_contraction_seed42,2350,-20.0,-19.8,-6.014,0.0,5.8
2_weak_contraction_seed42,2360,-20.0,-19.75,-6.116,,
2_weak_contraction_seed42,2370,-20.0,-19.82,-7.665,,
2_weak_contraction_seed42,2380,-20.0,-19.84,-5.51,,
2_weak_contraction_seed42,2390,-20.0,-19.84,-6.676,,
2_weak_contraction_seed42,2400,-20.0,-19.77,-5.137,0.0,5.8
2_weak_contraction_seed42,2410,-20.0,-19.75,-7.429,,
2_weak_contraction_seed42,2420,-20.0,-19.82,-4.475,,
2_weak_contraction_seed42,2430,-20.0,-19.8,-5.537,,
2_weak_contraction_seed42,2440,-20.0,-19.75,-8.318,,
2_weak_contraction_seed42,2450,-20.0,-19.79,-6.691,0.0,5.8
2_weak_contraction_seed42,2460,-20.0,-19.82,-7.05,,
2_weak_contraction_seed42,2470,-20.0,-19.81,-6.722,,
2_weak_contraction_seed42,2480,-20.0,-19.78,-6.418,,
2_weak_contraction_seed42,2490,-20.0,-19.8,-6.197,,
2_weak_contraction_seed42,2500,-20.0,-19.83,-6.4,0.0,5.8
2_weak_contraction_seed42,2510,-20.0,-19.8,-6.347,,
2_weak_contraction_seed42,2520,-20.0,-19.69,-6.067,,
2_weak_contraction_seed42,2530,-20.0,-19.84,-4.913,,
2_weak_contraction_seed42,2540,-20.0,-19.85,-5.383,,
2_weak_contraction_seed42,2550,-20.0,-19.78,-5.15,0.0,5.8
2_weak_contraction_seed42,2560,-20.0,-19.73,-7.373,,
2_weak_contraction_seed42,2570,-20.0,-19.75,-6.375,,
2_weak_contraction_seed42,2580,-20.0,-19.82,-6.732,,
2_weak_contraction_seed42,2590,-20.0,-19.82,-5.418,,
2_weak_contraction_seed42,2600,-20.0,-19.76,-7.399,0.0,5.8
2_weak_contraction_seed42,2610,-20.0,-19.79,-5.757,,
2_weak_contraction_seed42,2620,-20.0,-19.74,-7.056,,
2_weak_contraction_seed42,2630,-20.0,-19.75,-8.545,,
2_weak_contraction_seed42,2640,-20.0,-19.69,-7.052,,
2_weak_contraction_seed42,2650,-20.0,-19.69,-7.401,0.0,5.8
2_weak_contraction_seed42,2660,-20.0,-19.71,-6.721,,
2_weak_contraction_seed42,2670,-20.0,-19.83,-5.194,,
2_weak_contraction_seed42,2680,-20.0,-19.84,-6.723,,
2_weak_contraction_seed42,2690,-20.0,-19.84,-6.759,,
2_weak_contraction_seed42,2700,-20.0,-19.78,-6.35,0.0,5.8
2_weak_contraction_seed42,2710,-20.0,-19.74,-7.62,,
2_weak_contraction_seed42,2720,-20.0,-19.76,-6.11,,
2_weak_contraction_seed42,2730,-20.0,-19.7,-7.951,,
2_weak_contraction_seed42,2740,-20.0,-19.7,-7.994,,
2_weak_contraction_seed42,2750,-20.0,-19.69,-6.644,0.0,5.775
2_weak_contraction_seed42,2760,-20.0,-19.79,-6.698,,
2_weak_contraction_seed42,2770,-20.0,-19.77,-6.714,,
2_weak_contraction_seed42,2780,-20.0,-19.78,-7.333,,
2_weak_contraction_seed42,2790,-20.0,-19.8,-5.793,,
2_weak_contraction_seed42,2800,-20.0,-19.76,-6.03,0.0,5.775
2_weak_contraction_seed42,2810,-20.0,-19.65,-7.288,,
2_weak_contraction_seed42,2820,-20.0,-19.79,-6.475,,
2_weak_contraction_seed42,2830,-20.0,-19.83,-5.508,,
2_weak_contraction_seed42,2840,-20.0,-19.76,-6.727,,
2_weak_contraction_seed42,2850,-20.0,-19.79,-6.664,0.0,5.775
2_weak_contraction_seed42,2860,-20.0,-19.81,-5.511,,
2_weak_contraction_seed42,2870,-20.0,-19.83,-5.173,,
2_weak_contraction_seed42,2880,-20.0,-19.79,-8.004,,
2_weak_contraction_seed42,2890,-20.0,-19.86,-4.526,,
2_weak_contraction_seed42,2900,-20.0,-19.82,-5.458,0.0,5.775
2_weak_contraction_seed42,2910,-20.0,-19.8,-5.462,,
2_weak_contraction_seed42,2920,-20.0,-19.78,-6.135,,
2_weak_contraction_seed42,2930,-20.0,-19.82,-6.147,,
2_weak_contraction_seed42,2940,-20.0,-19.81,-6.683,,
2_weak_contraction_seed42,2950,-20.0,-19.79,-7.036,0.0,5.775
2_weak_contraction_seed42,2960,-20.0,-19.75,-6.041,,
2_weak_contraction_seed42,2970,-20.0,-19.85,-4.524,,
2_weak_contraction_seed42,2980,-20.0,-19.7,-8.03,,
2_weak_contraction_seed42,2990,-20.0,-19.81,-5.826,,
2_weak_contraction_seed42,3000,-20.0,-19.74,-7.091,0.0,5.775
2_weak_contraction_seed42,3010,-20.0,-19.84,-5.584,,
2_weak_contraction_seed42,3020,-20.0,-19.81,-7.004,,
2_weak_contraction_seed42,3030,-20.0,-19.78,-5.174,,
2_weak_contraction_seed42,3040,-20.0,-19.86,-5.16,,
2_weak_contraction_seed42,3050,-20.0,-19.78,-5.773,0.0,5.775
2_weak_contraction_seed42,3060,-20.0,-19.79,-7.35,,
2_weak_contraction_seed42,3070,-20.0,-19.73,-6.727,,
2_weak_contraction_seed42,3080,-20.0,-19.78,-6.74,,
2_weak_contraction_seed42,3090,-20.0,-19.87,-5.171,,
2_weak_contraction_seed42,3100,-20.0,-19.79,-5.738,0.0,5.775
2_weak_contraction_seed42,3110,-20.0,-19.72,-6.487,,
2_weak_contraction_seed42,3120,-20.0,-19.77,-6.76,,
2_weak_contraction_seed42,3130,-20.0,-19.76,-7.361,,
2_weak_contraction_seed42,3140,-20.0,-19.81,-5.188,,
2_weak_contraction_seed42,3150,-20.0,-19.78,-6.163,0.0,5.775
2_weak_contraction_seed42,3160,-20.0,-19.76,-6.983,,
2_weak_contraction_seed42,3170,-20.0,-19.79,-6.443,,
2_weak_contraction_seed42,3180,-20.0,-19.83,-5.414,,
2_weak_contraction_seed42,3190,-20.0,-19.7,-6.741,,
2_weak_contraction_seed42,3200,-20.0,-19.86,-5.208,0.0,5.775
2_weak_contraction_seed42,3210,-20.0,-19.79,-7.339,,
2_weak_contraction_seed42,3220,-20.0,-19.78,-7.081,,
2_weak_contraction_seed42,3230,-20.0,-19.82,-6.461,,
2_weak_contraction_seed42,3240,-20.0,-19.75,-7.375,,
2_weak_contraction_seed42,3250,-20.0,-19.76,-6.732,0.0,5.775
2_weak_contraction_seed42,3260,-20.0,-19.61,-7.586,,
2_weak_contraction_seed42,3270,-20.0,-19.77,-7.339,,
2_weak_contraction_seed42,3280,-20.0,-19.81,-6.131,,
2_weak_contraction_seed42,3290,-20.0,-19.79,-7.053,,
2_weak_contraction_seed42,3300,-20.0,-19.8,-6.098,0.0,5.775
2_weak_contraction_seed42,3310,-20.0,-19.82,-5.788,,
2_weak_contraction_seed42,3320,-20.0,-19.77,-6.723,,
2_weak_contraction_seed42,3330,-20.0,-19.78,-6.684,,
2_weak_contraction_seed42,3340,-20.0,-19.77,-6.429,,
2_weak_contraction_seed42,3350,-20.0,-19.74,-6.357,0.0,5.775
2_weak_contraction_seed42,3360,-20.0,-19.78,-6.115,,
2_weak_contraction_seed42,3370,-20.0,-19.84,-5.135,,
2_weak_contraction_seed42,3380,-20.0,-19.79,-6.704,,
2_weak_contraction_seed42,3390,-20.0,-19.75,-7.091,,
2_weak_contraction_seed42,3400,-20.0,-19.74,-6.706,0.0,5.775
2_weak_contraction_seed42,3410,-20.0,-19.79,-6.698,,
2_weak_contraction_seed42,3420,-20.0,-19.79,-5.495,,
2_weak_contraction_seed42,3430,-20.0,-19.84,-5.478,,
2_weak_contraction_seed42,3440,-20.0,-19.77,-6.45,,
2_weak_contraction_seed42,3450,-20.0,-19.82,-4.893,0.0,5.775
2_weak_contraction_seed42,3460,-20.0,-19.86,-6.087,,
2_weak_contraction_seed42,3470,-20.0,-19.84,-6.389,,
2_weak_contraction_seed42,3480,-20.0,-19.77,-6.068,,
2_weak_contraction_seed42,3490,-20.0,-19.77,-6.098,,
2_weak_contraction_seed42,3500,-20.0,-19.82,-6.727,0.0,5.775
2_weak_contraction_seed42,3510,-20.0,-19.78,-5.478,,
2_weak_contraction_seed42,3520,-20.0,-19.78,-6.435,,
2_weak_contraction_seed42,3530,-20.0,-19.76,-7.039,,
2_weak_contraction_seed42,3540,-20.0,-19.73,-6.031,,
2_weak_contraction_seed42,3550,-20.0,-19.78,-7.363,0.0,5.775
2_weak_contraction_seed42,3560,-20.0,-19.82,-6.151,,
2_weak_contraction_seed42,3570,-20.0,-19.77,-4.877,,
2_weak_contraction_seed42,3580,-20.0,-19.81,-6.39,,
2_weak_contraction_seed42,3590,-20.0,-19.81,-6.31,,
2_weak_contraction_seed42,3600,-20.0,-19.8,-6.762,0.0,5.775
2_weak_contraction_seed42,3610,-20.0,-19.72,-8.241,,
2_weak_contraction_seed42,3620,-20.0,-19.74,-7.643,,
2_weak_contraction_seed42,3630,-20.0,-19.77,-7.038,,
2_weak_contraction_seed42,3640,-20.0,-19.83,-5.239,,
2_weak_contraction_seed42,3650,-20.0,-19.71,-5.785,0.0,5.775
2_weak_contraction_seed42,3660,-20.0,-19.82,-6.44,,
2_weak_contraction_seed42,3670,-20.0,-19.85,-5.792,,
2_weak_contraction_seed42,3680,-20.0,-19.86,-3.924,,
2_weak_contraction_seed42,3690,-20.0,-19.85,-5.476,,
2_weak_contraction_seed42,3700,-20.0,-19.71,-7.033,0.0,5.775
2_weak_contraction_seed42,3710,-20.0,-19.79,-6.461,,
2_weak_contraction_seed42,3720,-20.0,-19.85,-5.514,,
2_weak_contraction_seed42,3730,-20.0,-19.84,-5.186,,
2_weak_contraction_seed42,3740,-20.0,-19.82,-6.744,,
2_weak_contraction_seed42,3750,-20.0,-19.73,-6.062,0.0,5.775
2_weak_contraction_seed42,3760,-20.0,-19.81,-6.133,,
2_weak_contraction_seed42,3770,-20.0,-19.78,-6.364,,
2_weak_contraction_seed42,3780,-20.0,-19.85,-6.328,,
2_weak_contraction_seed42,3790,-20.0,-19.77,-7.357,,
2_weak_contraction_seed42,3800,-20.0,-19.81,-6.03,0.0,5.775
2_weak_contraction_seed42,3810,-20.0,-19.84,-5.815,,
2_weak_contraction_seed42,3820,-20.0,-19.78,-6.153,,
2_weak_contraction_seed42,3830,-20.0,-19.8,-7.331,,
2_weak_contraction_seed42,3840,-20.0,-19.84,-5.784,,
2_weak_contraction_seed42,3850,-20.0,-19.8,-6.158,0.0,5.775
2_weak_contraction_seed42,3860,-20.0,-19.77,-6.461,,
2_weak_contraction_seed42,3870,-20.0,-19.73,-7.047,,
2_weak_contraction_seed42,3880,-20.0,-19.86,-5.884,,
2_weak_contraction_seed42,3890,-20.0,-19.7,-7.648,,
2_weak_contraction_seed42,3900,-20.0,-19.8,-7.031,0.0,5.775
2_weak_contraction_seed42,3910,-20.0,-19.81,-5.496,,
2_weak_contraction_seed42,3920,-20.0,-19.73,-7.709,,
2_weak_contraction_seed42,3930,-20.0,-19.71,-7.681,,
2_weak_contraction_seed42,3940,-20.0,-19.74,-7.408,,
2_weak_contraction_seed42,3950,-20.0,-19.75,-7.07,0.0,5.775
2_weak_contraction_seed42,3960,-20.0,-19.7,-8.595,,
2_weak_contraction_seed42,3970,-20.0,-19.74,-7.632,,
2_weak_contraction_seed42,3980,-20.0,-19.84,-6.733,,
2_weak_contraction_seed42,3990,-20.0,-19.78,-5.821,,
2_weak_contraction_seed42,4000,-20.0,-19.78,-7.076,0.0,5.775
2_weak_contraction_seed42,4010,-20.0,-19.79,-5.783,,
2_weak_contraction_seed42,4020,-20.0,-19.74,-6.144,,
2_weak_contraction_seed42,4030,-20.0,-19.76,-6.154,,
2_weak_contraction_seed42,4040,-20.0,-19.85,-4.217,,
2_weak_contraction_seed42,4050,-20.0,-19.85,-6.72,0.0,5.775
2_weak_contraction_seed42,4060,-20.0,-19.81,-7.053,,
2_weak_contraction_seed42,4070,-20.0,-19.63,-8.009,,
2_weak_contraction_seed42,4080,-20.0,-19.77,-7.02,,
2_weak_contraction_seed42,4090,-20.0,-19.75,-7.326,,
2_weak_contraction_seed42,4100,-20.0,-19.78,-6.442,0.0,5.775
2_weak_contraction_seed42,4110,-20.0,-19.73,-7.002,,
2_weak_contraction_seed42,4120,-20.0,-19.73,-7.355,,
2_weak_contraction_seed42,4130,-20.0,-19.79,-7.053,,
2_weak_contraction_seed42,4140,-20.0,-19.77,-7.072,,
2_weak_contraction_seed42,4150,-20.0,-19.74,-7.02,0.0,5.775
2_weak_contraction_seed42,4160,-20.0,-19.83,-5.783,,
2_weak_contraction_seed42,4170,-20.0,-19.71,-7.377,,
2_weak_contraction_seed42,4180,-20.0,-19.81,-6.446,,
2_weak_contraction_seed42,4190,-20.0,-19.81,-6.154,,
2_weak_contraction_seed42,4200,-20.0,-19.76,-6.756,0.0,5.775
2_weak_contraction_seed42,4210,-20.0,-19.76,-7.369,,
2_weak_contraction_seed42,4220,-20.0,-19.68,-7.986,,
2_weak_contraction_seed42,4230,-20.0,-19.79,-5.507,,
2_weak_contraction_seed42,4240,-20.0,-19.82,-6.797,,
2_weak_contraction_seed42,4250,-20.0,-19.82,-7.071,0.0,5.775
2_weak_contraction_seed42,4260,-20.0,-19.77,-5.819,,
2_weak_contraction_seed42,4270,-20.0,-19.8,-6.142,,
2_weak_contraction_seed42,4280,-20.0,-19.86,-5.159,,
2_weak_contraction_seed42,4290,-20.0,-19.8,-6.447,,
2_weak_contraction_seed42,4300,-20.0,-19.79,-6.424,0.0,5.775
2_weak_contraction_seed42,4310,-20.0,-19.79,-6.493,,
2_weak_contraction_seed42,4320,-20.0,-19.74,-6.107,,
2_weak_contraction_seed42,4330,-20.0,-19.79,-7.304,,
2_weak_contraction_seed42,4340,-20.0,-19.81,-6.753,,
2_weak_contraction_seed42,4350,-20.0,-19.82,-5.833,0.0,5.775
2_weak_contraction_seed42,4360,-20.0,-19.77,-6.444,,
2_weak_contraction_seed42,4370,-20.0,-19.79,-6.732,,
2_weak_contraction_seed42,4380,-20.0,-19.75,-7.303,,
2_weak_contraction_seed42,4390,-20.0,-19.85,-4.921,,
2_weak_contraction_seed42,4400,-20.0,-19.75,-6.695,0.0,5.775
2_weak_contraction_seed42,4410,-20.0,-19.79,-6.744,,
2_weak_contraction_seed42,4420,-20.0,-19.74,-6.45,,
2_weak_contraction_seed42,4430,-20.0,-19.82,-5.492,,
2_weak_contraction_seed42,4440,-20.0,-19.84,-5.521,,
2_weak_contraction_seed42,4450,-20.0,-19.78,-6.697,0.0,5.775
2_weak_contraction_seed42,4460,-20.0,-19.72,-7.984,,
2_weak_contraction_seed42,4470,-20.0,-19.78,-7.695,,
2_weak_contraction_seed42,4480,-20.0,-19.82,-5.838,,
2_weak_contraction_seed42,4490,-20.0,-19.78,-6.424,,
2_weak_contraction_seed42,4500,-20.0,-19.8,-6.738,0.0,5.775
2_weak_contraction_seed42,4510,-20.0,-19.84,-5.521,,
2_weak_contraction_seed42,4520,-20.0,-19.85,-6.457,,
2_weak_contraction_seed42,4530,-20.0,-19.85,-3.958,,
2_weak_contraction_seed42,4540,-20.0,-19.82,-5.442,,
2_weak_contraction_seed42,4550,-20.0,-19.83,-6.438,0.0,5.775
2_weak_contraction_seed42,4560,-20.0,-19.82,-5.81,,
2_weak_contraction_seed42,4570,-20.0,-19.86,-5.472,,
2_weak_contraction_seed42,4580,-20.0,-19.81,-6.464,,
2_weak_contraction_seed42,4590,-20.0,-19.86,-6.448,,
2_weak_contraction_seed42,4600,-20.0,-19.77,-7.05,0.0,5.775
2_weak_contraction_seed42,4610,-20.0,-19.81,-5.804,,
2_weak_contraction_seed42,4620,-20.0,-19.81,-5.495,,
2_weak_contraction_seed42,4630,-20.0,-19.73,-8.912,,
2_weak_contraction_seed42,4640,-20.0,-19.82,-4.877,,
2_weak_contraction_seed42,4650,-20.0,-19.72,-7.68,0.0,5.775
2_weak_contraction_seed42,4660,-20.0,-19.78,-7.387,,
2_weak_contraction_seed42,4670,-20.0,-19.7,-6.121,,
2_weak_contraction_seed42,4680,-20.0,-19.88,-3.986,,
2_weak_contraction_seed42,4690,-20.0,-19.81,-5.76,,
2_weak_contraction_seed42,4700,-20.0,-19.78,-6.171,0.0,5.775
2_weak_contraction_seed42,4710,-20.0,-19.8,-4.869,,
2_weak_contraction_seed42,4720,-20.0,-19.79,-6.431,,
2_weak_contraction_seed42,4730,-20.0,-19.76,-7.067,,
2_weak_contraction_seed42,4740,-20.0,-19.86,-5.823,,
2_weak_contraction_seed42,4750,-20.0,-19.84,-5.565,0.0,5.775
2_weak_contraction_seed42,4760,-20.0,-19.84,-5.456,,
2_weak_contraction_seed42,4770,-20.0,-19.81,-7.07,,
2_weak_contraction_seed42,4780,-20.0,-19.89,-4.865,,
2_weak_contraction_seed42,4790,-20.0,-19.77,-5.532,,
2_weak_contraction_seed42,4800,-20.0,-19.78,-5.783,0.0,5.775
2_weak_contraction_seed42,4810,-20.0,-19.81,-5.165,,
2_weak_contraction_seed42,4820,-20.0,-19.8,-5.808,,
2_weak_contraction_seed42,4830,-20.0,-19.82,-4.502,,
2_weak_contraction_seed42,4840,-20.0,-19.78,-6.782,,
2_weak_contraction_seed42,4850,-20.0,-19.8,-5.747,0.0,5.775
2_weak_contraction_seed42,4860,-20.0,-19.82,-6.041,,
2_weak_contraction_seed42,4870,-20.0,-19.85,-6.121,,
2_weak_contraction_seed42,4880,-20.0,-19.85,-5.208,,
2_weak_contraction_seed42,4890,-20.0,-19.82,-5.532,,
2_weak_contraction_seed42,4900,-20.0,-19.78,-5.73,0.0,5.775
2_weak_contraction_seed42,4910,-20.0,-19.79,-6.706,,
2_weak_contraction_seed42,4920,-20.0,-19.89,-5.726,,
2_weak_contraction_seed42,4930,-20.0,-19.81,-6.759,,
2_weak_contraction_seed42,4940,-20.0,-19.8,-5.112,,
2_weak_contraction_seed42,4950,-20.0,-19.84,-6.442,0.0,5.775
2_weak_contraction_seed42,4960,-20.0,-19.79,-5.792,,
2_weak_contraction_seed42,4970,-20.0,-19.79,-6.74,,
2_weak_contraction_seed42,4980,-20.0,-19.77,-6.112,,
2_weak_contraction_seed42,4990,-20.0,-19.81,-5.516,,
2_weak_contraction_seed42,5000,-20.0,-19.9,-6.148,0.0,5.775
3_standard_contraction_seed42,10,0.07,-19.5,-7.054,,
3_standard_contraction_seed42,20,-0.61,-19.67,-6.256,,
3_standard_contraction_seed42,30,-1.82,-19.71,-7.782,,
3_standard_contraction_seed42,40,-3.76,-19.56,-6.466,,
3_standard_contraction_seed42,50,-5.84,-19.61,-7.051,0.0,5.812
3_standard_contraction_seed42,60,-8.25,-19.71,-5.96,,
3_standard_contraction_seed42,70,-10.8,-19.75,-4.58,,
3_standard_contraction_seed42,80,-13.52,-19.73,-6.496,,
3_standard_contraction_seed42,90,-14.87,-19.72,-6.242,,
3_standard_contraction_seed42,100,-16.85,-19.58,-6.515,0.0,6.0
3_standard_contraction_seed42,110,-17.82,-19.63,-5.241,,
3_standard_contraction_seed42,120,-18.67,-19.57,-7.037,,
3_standard_contraction_seed42,130,-19.21,-19.76,-4.975,,
3_standard_contraction_seed42,140,-19.7,-19.59,-6.447,,
3_standard_contraction_seed42,150,-19.72,-19.47,-7.044,0.0,6.0
3_standard_contraction_seed42,160,-19.64,-19.63,-7.171,,
3_standard_contraction_seed42,170,-19.77,-19.76,-5.233,,
3_standard_contraction_seed42,180,-19.73,-19.74,-5.604,,
3_standard_contraction_seed42,190,-19.77,-19.63,-7.248,,
3_standard_contraction_seed42,200,-19.84,-19.57,-6.049,0.0,5.85
3_standard_contraction_seed42,210,-19.82,-19.49,-7.381,,
3_standard_contraction_seed42,220,-19.87,-19.51,-6.153,,
3_standard_contraction_seed42,230,-19.86,-19.56,-6.148,,
3_standard_contraction_seed42,240,-19.88,-19.5,-7.1,,
3_standard_contraction_seed42,250,-19.82,-19.71,-6.601,0.0,5.938
3_standard_contraction_seed42,260,-19.96,-19.7,-6.639,,
3_standard_contraction_seed42,270,-19.92,-19.63,-6.861,,
3_standard_contraction_seed42,280,-19.96,-19.6,-7.632,,
3_standard_contraction_seed42,290,-19.97,-19.72,-4.929,,
3_standard_contraction_seed42,300,-19.89,-19.69,-5.643,0.0,5.85
3_standard_contraction_seed42,310,-20.0,-19.8,-6.192,,
3_standard_contraction_seed42,320,-20.0,-19.73,-6.571,,
3_standard_contraction_seed42,330,-20.0,-19.68,-6.544,,
3_standard_contraction_seed42,340,-20.0,-19.75,-6.726,,
3_standard_contraction_seed42,350,-20.0,-19.64,-8.22,0.0,5.875
3_standard_contraction_seed42,360,-20.0,-19.81,-3.928,,
3_standard_contraction_seed42,370,-20.0,-19.66,-6.137,,
3_standard_contraction_seed42,380,-20.0,-19.72,-5.858,,
3_standard_contraction_seed42,390,-20.0,-19.73,-5.953,,
3_standard_contraction_seed42,400,-20.0,-19.66,-6.885,0.0,5.9
3_standard_contraction_seed42,410,-20.0,-19.81,-5.043,,
3_standard_contraction_seed42,420,-20.0,-19.61,-7.779,,
3_standard_contraction_seed42,430,-20.0,-19.55,-6.81,,
3_standard_contraction_seed42,440,-20.0,-19.66,-6.548,,
3_standard_contraction_seed42,450,-20.0,-19.66,-7.907,0.0,5.925
3_standard_contraction_seed42,460,-20.0,-19.71,-6.421,,
3_standard_contraction_seed42,470,-20.0,-19.76,-5.688,,
3_standard_contraction_seed42,480,-20.0,-19.72,-6.895,,
3_standard_contraction_seed42,490,-20.0,-19.7,-5.354,,
3_standard_contraction_seed42,500,-20.0,-19.72,-6.339,0.0,5.912
3_standard_contraction_seed42,510,-20.0,-19.71,-4.391,,
3_standard_contraction_seed42,520,-20.0,-19.65,-6.869,,
3_standard_contraction_seed42,530,-20.0,-19.82,-5.768,,
3_standard_contraction_seed42,540,-20.0,-19.67,-7.221,,
3_standard_contraction_seed42,550,-20.0,-19.61,-6.447,0.0,5.888
3_standard_contraction_seed42,560,-20.0,-19.72,-6.764,,
3_standard_contraction_seed42,570,-20.0,-19.83,-6.387,,
3_standard_contraction_seed42,580,-20.0,-19.65,-7.152,,
3_standard_contraction_seed42,590,-20.0,-19.71,-7.0,,
3_standard_contraction_seed42,600,-20.0,-19.72,-5.646,0.0,5.838
3_standard_contraction_seed42,610,-20.0,-19.75,-6.622,,
3_standard_contraction_seed42,620,-20.0,-19.67,-6.312,,
3_standard_contraction_seed42,630,-20.0,-19.68,-6.879,,
3_standard_contraction_seed42,640,-20.0,-19.71,-8.183,,
3_standard_contraction_seed42,650,-20.0,-19.74,-6.916,0.0,5.838
3_standard_contraction_seed42,660,-20.0,-19.73,-5.301,,
3_standard_contraction_seed42,670,-20.0,-19.8,-5.024,,
3_standard_contraction_seed42,680,-20.0,-19.8,-7.076,,
3_standard_contraction_seed42,690,-20.0,-19.63,-6.225,,
3_standard_contraction_seed42,700,-20.0,-19.62,-6.847,0.0,5.85
3_standard_contraction_seed42,710,-20.0,-19.86,-6.007,,
3_standard_contraction_seed42,720,-20.0,-19.71,-6.945,,
3_standard_contraction_seed42,730,-20.0,-19.66,-6.542,,
3_standard_contraction_seed42,740,-20.0,-19.71,-6.997,,
3_standard_contraction_seed42,750,-20.0,-19.85,-5.02,0.0,5.825
3_standard_contraction_seed42,760,-20.0,-19.78,-6.011,,
3_standard_contraction_seed42,770,-20.0,-19.76,-5.379,,
3_standard_contraction_seed42,780,-20.0,-19.73,-6.937,,
3_standard_contraction_seed42,790,-20.0,-19.79,-5.113,,
3_standard_contraction_seed42,800,-20.0,-19.77,-6.95,0.0,5.825
3_standard_contraction_seed42,810,-20.0,-19.7,-7.91,,
3_standard_contraction_seed42,820,-20.0,-19.73,-6.319,,
3_standard_contraction_seed42,830,-20.0,-19.73,-6.96,,
3_standard_contraction_seed42,840,-20.0,-19.79,-7.678,,
3_standard_contraction_seed42,850,-20.0,-19.8,-5.08,0.0,5.85
3_standard_contraction_seed42,860,-20.0,-19.81,-7.073,,
3_standard_contraction_seed42,870,-20.0,-19.78,-6.418,,
3_standard_contraction_seed42,880,-20.0,-19.73,-6.036,,
3_standard_contraction_seed42,890,-20.0,-19.76,-5.742,,
3_standard_contraction_seed42,900,-20.0,-19.65,-6.228,0.0,5.825
3_standard_contraction_seed42,910,-20.0,-19.79,-8.603,,
3_standard_contraction_seed42,920,-20.0,-19.69,-6.633,,
3_standard_contraction_seed42,930,-20.0,-19.75,-7.387,,
3_standard_contraction_seed42,940,-20.0,-19.81,-6.35,,
3_standard_contraction_seed42,950,-20.0,-19.82,-5.364,0.0,5.825
3_standard_contraction_seed42,960,-20.0,-19.67,-8.272,,
3_standard_contraction_seed42,970,-20.0,-19.7,-6.412,,
3_standard_contraction_seed42,980,-20.0,-19.73,-7.005,,
3_standard_contraction_seed42,990,-20.0,-19.75,-8.42,,
3_standard_contraction_seed42,1000,-20.0,-19.83,-5.432,0.0,5.8
3_standard_contraction_seed42,1010,-20.0,-19.74,-7.347,,
3_standard_contraction_seed42,1020,-20.0,-19.82,-4.802,,
3_standard_contraction_seed42,1030,-20.0,-19.86,-4.282,,
3_standard_contraction_seed42,1040,-20.0,-19.8,-6.416,,
3_standard_contraction_seed42,1050,-20.0,-19.83,-5.794,0.0,5.8
3_standard_contraction_seed42,1060,-20.0,-19.8,-5.069,,
3_standard_contraction_seed42,1070,-20.0,-19.8,-5.791,,
3_standard_contraction_seed42,1080,-20.0,-19.89,-4.625,,
3_standard_contraction_seed42,1090,-20.0,-19.75,-6.374,,
3_standard_contraction_seed42,1100,-20.0,-19.69,-5.621,0.0,5.838
3_standard_contraction_seed42,1110,-20.0,-19.75,-5.717,,
3_standard_contraction_seed42,1120,-20.0,-19.77,-5.654,,
3_standard_contraction_seed42,1130,-20.0,-19.81,-5.084,,
3_standard_contraction_seed42,1140,-20.0,-19.69,-7.573,,
3_standard_contraction_seed42,1150,-20.0,-19.72,-6.703,0.0,5.812
3_standard_contraction_seed42,1160,-20.0,-19.73,-7.047,,
3_standard_contraction_seed42,1170,-20.0,-19.74,-5.759,,
3_standard_contraction_seed42,1180,-20.0,-19.72,-6.621,,
3_standard_contraction_seed42,1190,-20.0,-19.77,-7.651,,
3_standard_contraction_seed42,1200,-20.0,-19.77,-7.299,0.0,5.812
3_standard_contraction_seed42,1210,-20.0,-19.85,-6.731,,
3_standard_contraction_seed42,1220,-20.0,-19.81,-5.471,,
3_standard_contraction_seed42,1230,-20.0,-19.67,-8.587,,
3_standard_contraction_seed42,1240,-20.0,-19.74,-7.683,,
3_standard_contraction_seed42,1250,-20.0,-19.81,-6.986,0.0,5.775
3_standard_contraction_seed42,1260,-20.0,-19.83,-5.072,,
3_standard_contraction_seed42,1270,-20.0,-19.74,-7.381,,
3_standard_contraction_seed42,1280,-20.0,-19.67,-6.984,,
3_standard_contraction_seed42,1290,-20.0,-19.76,-7.356,,
3_standard_contraction_seed42,1300,-20.0,-19.75,-6.969,0.0,5.75
3_standard_contraction_seed42,1310,-20.0,-19.82,-4.744,,
3_standard_contraction_seed42,1320,-20.0,-19.79,-4.731,,
3_standard_contraction_seed42,1330,-20.0,-19.76,-6.07,,
3_standard_contraction_seed42,1340,-20.0,-19.6,-6.817,,
3_standard_contraction_seed42,1350,-20.0,-19.73,-6.671,0.0,5.75
3_standard_contraction_seed42,1360,-20.0,-19.77,-5.719,,
3_standard_contraction_seed42,1370,-20.0,-19.71,-7.032,,
3_standard_contraction_seed42,1380,-20.0,-19.83,-5.115,,
3_standard_contraction_seed42,1390,-20.0,-19.86,-5.157,,
3_standard_contraction_seed42,1400,-20.0,-19.83,-6.097,0.0,5.725
3_standard_contraction_seed42,1410,-20.0,-19.73,-6.386,,
3_standard_contraction_seed42,1420,-20.0,-19.74,-7.06,,
3_standard_contraction_seed42,1430,-20.0,-19.78,-5.832,,
3_standard_contraction_seed42,1440,-20.0,-19.73,-7.938,,
3_standard_contraction_seed42,1450,-20.0,-19.79,-5.752,0.0,5.725
3_standard_contraction_seed42,1460,-20.0,-19.8,-5.829,,
3_standard_contraction_seed42,1470,-20.0,-19.74,-5.638,,
3_standard_contraction_seed42,1480,-20.0,-19.83,-7.645,,
3_standard_contraction_seed42,1490,-20.0,-19.83,-5.504,,
3_standard_contraction_seed42,1500,-20.0,-19.72,-6.294,0.0,5.725
3_standard_contraction_seed42,1510,-20.0,-19.71,-6.726,,
3_standard_contraction_seed42,1520,-20.0,-19.72,-7.345,,
3_standard_contraction_seed42,1530,-20.0,-19.82,-4.904,,
3_standard_contraction_seed42,1540,-20.0,-19.8,-6.053,,
3_standard_contraction_seed42,1550,-20.0,-19.74,-5.713,0.0,5.725
3_standard_contraction_seed42,1560,-20.0,-19.85,-5.808,,
3_standard_contraction_seed42,1570,-20.0,-19.79,-6.391,,
3_standard_contraction_seed42,1580,-20.0,-19.77,-5.49,,
3_standard_contraction_seed42,1590,-20.0,-19.72,-6.428,,
3_standard_contraction_seed42,1600,-20.0,-19.71,-7.35,0.0,5.725
3_standard_contraction_seed42,1610,-20.0,-19.75,-6.318,,
3_standard_contraction_seed42,1620,-20.0,-19.73,-6.385,,
3_standard_contraction_seed42,1630,-20.0,-19.81,-6.329,,
3_standard_contraction_seed42,1640,-20.0,-19.72,-6.021,,
3_standard_contraction_seed42,1650,-20.0,-19.73,-7.964,0.0,5.725
3_standard_contraction_seed42,1660,-20.0,-19.83,-6.498,,
3_standard_contraction_seed42,1670,-20.0,-19.77,-5.776,,
3_standard_contraction_seed42,1680,-20.0,-19.77,-6.47,,
3_standard_contraction_seed42,1690,-20.0,-19.87,-4.62,,
3_standard_contraction_seed42,1700,-20.0,-19.78,-6.024,0.0,5.763
3_standard_contraction_seed42,1710,-20.0,-19.82,-4.817,,
3_standard_contraction_seed42,1720,-20.0,-19.81,-5.771,,
3_standard_contraction_seed42,1730,-20.0,-19.76,-6.364,,
3_standard_contraction_seed42,1740,-20.0,-19.77,-5.836,,
3_standard_contraction_seed42,1750,-20.0,-19.73,-6.633,0.0,5.787
3_standard_contraction_seed42,1760,-20.0,-19.81,-7.005,,
3_standard_contraction_seed42,1770,-20.0,-19.78,-6.092,,
3_standard_contraction_seed42,1780,-20.0,-19.75,-6.759,,
3_standard_contraction_seed42,1790,-20.0,-19.84,-5.164,,
3_standard_contraction_seed42,1800,-20.0,-19.7,-5.362,0.0,5.787
3_standard_contraction_seed42,1810,-20.0,-19.81,-6.167,,
3_standard_contraction_seed42,1820,-20.0,-19.76,-6.683,,
3_standard_contraction_seed42,1830,-20.0,-19.78,-6.698,,
3_standard_contraction_seed42,1840,-20.0,-19.69,-6.732,,
3_standard_contraction_seed42,1850,-20.0,-19.85,-6.322,0.0,5.787
3_standard_contraction_seed42,1860,-20.0,-19.78,-6.073,,
3_standard_contraction_seed42,1870,-20.0,-19.82,-6.435,,
3_standard_contraction_seed42,1880,-20.0,-19.85,-5.796,,
3_standard_contraction_seed42,1890,-20.0,-19.75,-6.083,,
3_standard_contraction_seed42,1900,-20.0,-19.84,-5.146,0.0,5.8
3_standard_contraction_seed42,1910,-20.0,-19.78,-6.378,,
3_standard_contraction_seed42,1920,-20.0,-19.81,-6.778,,
3_standard_contraction_seed42,1930,-20.0,-19.77,-6.684,,
3_standard_contraction_seed42,1940,-20.0,-19.89,-5.526,,
3_standard_contraction_seed42,1950,-20.0,-19.65,-6.979,0.0,5.825
3_standard_contraction_seed42,1960,-20.0,-19.81,-5.466,,
3_standard_contraction_seed42,1970,-20.0,-19.75,-7.977,,
3_standard_contraction_seed42,1980,-20.0,-19.75,-7.041,,
3_standard_contraction_seed42,1990,-20.0,-19.75,-7.034,,
3_standard_contraction_seed42,2000,-20.0,-19.8,-6.361,0.0,5.825
3_standard_contraction_seed42,2010,-20.0,-19.82,-6.996,,
3_standard_contraction_seed42,2020,-20.0,-19.71,-7.329,,
3_standard_contraction_seed42,2030,-20.0,-19.81,-5.4,,
3_standard_contraction_seed42,2040,-20.0,-19.75,-6.987,,
3_standard_contraction_seed42,2050,-20.0,-19.85,-5.407,0.0,5.825
3_standard_contraction_seed42,2060,-20.0,-19.76,-6.358,,
3_standard_contraction_seed42,2070,-20.0,-19.76,-7.643,,
3_standard_contraction_seed42,2080,-20.0,-19.86,-6.114,,
3_standard_contraction_seed42,2090,-20.0,-19.77,-7.144,,
3_standard_contraction_seed42,2100,-20.0,-19.79,-6.787,0.0,5.825
3_standard_contraction_seed42,2110,-20.0,-19.79,-5.486,,
3_standard_contraction_seed42,2120,-20.0,-19.77,-6.753,,
3_standard_contraction_seed42,2130,-20.0,-19.83,-5.182,,
3_standard_contraction_seed42,2140,-20.0,-19.75,-5.737,,
3_standard_contraction_seed42,2150,-20.0,-19.85,-5.51,0.0,5.85
3_standard_contraction_seed42,2160,-20.0,-19.78,-6.644,,
3_standard_contraction_seed42,2170,-20.0,-19.68,-7.053,,
3_standard_contraction_seed42,2180,-20.0,-19.83,-6.093,,
3_standard_contraction_seed42,2190,-20.0,-19.78,-5.521,,
3_standard_contraction_seed42,2200,-20.0,-19.85,-6.756,0.0,5.85
3_standard_contraction_seed42,2210,-20.0,-19.74,-7.026,,
3_standard_contraction_seed42,2220,-20.0,-19.72,-6.651,,
3_standard_contraction_seed42,2230,-20.0,-19.78,-6.752,,
3_standard_contraction_seed42,2240,-20.0,-19.74,-6.353,,
3_standard_contraction_seed42,2250,-20.0,-19.79,-6.718,0.0,5.85
3_standard_contraction_seed42,2260,-20.0,-19.71,-7.656,,
3_standard_contraction_seed42,2270,-20.0,-19.81,-4.727,,
3_standard_contraction_seed42,2280,-20.0,-19.83,-6.126,,
3_standard_contraction_seed42,2290,-20.0,-19.81,-7.703,,
3_standard_contraction_seed42,2300,-20.0,-19.71,-7.651,0.0,5.85
3_standard_contraction_seed42,2310,-20.0,-19.74,-6.439,,
3_standard_contraction_seed42,2320,-20.0,-19.82,-6.503,,
3_standard_contraction_seed42,2330,-20.0,-19.73,-8.307,,
3_standard_contraction_seed42,2340,-20.0,-19.67,-7.344,,
3_standard_contraction_seed42,2350,-20.0,-19.83,-6.095,0.0,5.85
3_standard_contraction_seed42,2360,-20.0,-19.77,-6.116,,
3_standard_contraction_seed42,2370,-20.0,-19.8,-7.667,,
3_standard_contraction_seed42,2380,-20.0,-19.84,-5.506,,
3_standard_contraction_seed42,2390,-20.0,-19.84,-6.732,,
3_standard_contraction_seed42,2400,-20.0,-19.77,-5.135,0.0,5.85
3_standard_contraction_seed42,2410,-20.0,-19.75,-7.433,,
3_standard_contraction_seed42,2420,-20.0,-19.81,-4.471,,
3_standard_contraction_seed42,2430,-20.0,-19.8,-5.552,,
3_standard_contraction_seed42,2440,-20.0,-19.75,-8.297,,
3_standard_contraction_seed42,2450,-20.0,-19.79,-6.674,0.0,5.85
3_standard_contraction_seed42,2460,-20.0,-19.83,-7.035,,
3_standard_contraction_seed42,2470,-20.0,-19.81,-6.722,,
3_standard_contraction_seed42,2480,-20.0,-19.78,-6.421,,
3_standard_contraction_seed42,2490,-20.0,-19.78,-6.154,,
3_standard_contraction_seed42,2500,-20.0,-19.83,-6.399,0.0,5.85
3_standard_contraction_seed42,2510,-20.0,-19.78,-6.327,,
3_standard_contraction_seed42,2520,-20.0,-19.7,-6.089,,
3_standard_contraction_seed42,2530,-20.0,-19.82,-4.798,,
3_standard_contraction_seed42,2540,-20.0,-19.83,-5.382,,
3_standard_contraction_seed42,2550,-20.0,-19.78,-5.147,0.0,5.85
3_standard_contraction_seed42,2560,-20.0,-19.71,-7.388,,
3_standard_contraction_seed42,2570,-20.0,-19.75,-6.378,,
3_standard_contraction_seed42,2580,-20.0,-19.8,-6.747,,
3_standard_contraction_seed42,2590,-20.0,-19.82,-5.436,,
3_standard_contraction_seed42,2600,-20.0,-19.7,-7.342,0.0,5.85
3_standard_contraction_seed42,2610,-20.0,-19.78,-5.754,,
3_standard_contraction_seed42,2620,-20.0,-19.74,-7.06,,
3_standard_contraction_seed42,2630,-20.0,-19.75,-8.545,,
3_standard_contraction_seed42,2640,-20.0,-19.67,-7.034,,
3_standard_contraction_seed42,2650,-20.0,-19.69,-7.386,0.0,5.85
3_standard_contraction_seed42,2660,-20.0,-19.71,-6.723,,
3_standard_contraction_seed42,2670,-20.0,-19.83,-5.174,,
3_standard_contraction_seed42,2680,-20.0,-19.84,-6.741,,
3_standard_contraction_seed42,2690,-20.0,-19.84,-6.779,,
3_standard_contraction_seed42,2700,-20.0,-19.78,-6.37,0.0,5.85
3_standard_contraction_seed42,2710,-20.0,-19.74,-7.623,,
3_standard_contraction_seed42,2720,-20.0,-19.78,-6.111,,
3_standard_contraction_seed42,2730,-20.0,-19.7,-7.934,,
3_standard_contraction_seed42,2740,-20.0,-19.7,-8.016,,
3_standard_contraction_seed42,2750,-20.0,-19.69,-6.627,0.0,5.85
3_standard_contraction_seed42,2760,-20.0,-19.79,-6.679,,
3_standard_contraction_seed42,2770,-20.0,-19.77,-6.733,,
3_standard_contraction_seed42,2780,-20.0,-19.78,-7.351,,
3_standard_contraction_seed42,2790,-20.0,-19.82,-5.812,,
3_standard_contraction_seed42,2800,-20.0,-19.78,-6.012,0.0,5.85
3_standard_contraction_seed42,2810,-20.0,-19.66,-7.292,,
3_standard_contraction_seed42,2820,-20.0,-19.8,-6.481,,
3_standard_contraction_seed42,2830,-20.0,-19.83,-5.474,,
3_standard_contraction_seed42,2840,-20.0,-19.75,-6.725,,
3_standard_contraction_seed42,2850,-20.0,-19.81,-6.701,0.0,5.85
3_standard_contraction_seed42,2860,-20.0,-19.81,-5.473,,
3_standard_contraction_seed42,2870,-20.0,-19.84,-5.231,,
3_standard_contraction_seed42,2880,-20.0,-19.79,-8.01,,
3_standard_contraction_seed42,2890,-20.0,-19.86,-4.542,,
3_standard_contraction_seed42,2900,-20.0,-19.84,-5.459,0.0,5.85
3_standard_contraction_seed42,2910,-20.0,-19.79,-5.459,,
3_standard_contraction_seed42,2920,-20.0,-19.82,-6.179,,
3_standard_contraction_seed42,2930,-20.0,-19.82,-6.168,,
3_standard_contraction_seed42,2940,-20.0,-19.81,-6.682,,
3_standard_contraction_seed42,2950,-20.0,-19.79,-7.076,0.0,5.85
3_standard_contraction_seed42,2960,-20.0,-19.76,-6.057,,
3_standard_contraction_seed42,2970,-20.0,-19.86,-4.505,,
3_standard_contraction_seed42,2980,-20.0,-19.7,-8.01,,
3_standard_contraction_seed42,2990,-20.0,-19.81,-5.846,,
3_standard_contraction_seed42,3000,-20.0,-19.73,-7.071,0.0,5.85
3_standard_contraction_seed42,3010,-20.0,-19.84,-5.586,,
3_standard_contraction_seed42,3020,-20.0,-19.8,-6.982,,
3_standard_contraction_seed42,3030,-20.0,-19.79,-5.122,,
3_standard_contraction_seed42,3040,-20.0,-19.86,-5.139,,
3_standard_contraction_seed42,3050,-20.0,-19.78,-5.737,0.0,5.85
3_standard_contraction_seed42,3060,-20.0,-19.77,-7.335,,
3_standard_contraction_seed42,3070,-20.0,-19.73,-6.73,,
3_standard_contraction_seed42,3080,-20.0,-19.78,-6.742,,
3_standard_contraction_seed42,3090,-20.0,-19.89,-5.193,,
3_standard_contraction_seed42,3100,-20.0,-19.79,-5.738,0.0,5.85
3_standard_contraction_seed42,3110,-20.0,-19.72,-6.47,,
3_standard_contraction_seed42,3120,-20.0,-19.76,-6.743,,
3_standard_contraction_seed42,3130,-20.0,-19.76,-7.379,,
3_standard_contraction_seed42,3140,-20.0,-19.81,-5.207,,
3_standard_contraction_seed42,3150,-20.0,-19.78,-6.151,0.0,5.85
3_standard_contraction_seed42,3160,-20.0,-19.76,-6.981,,
3_standard_contraction_seed42,3170,-20.0,-19.77,-6.373,,
3_standard_contraction_seed42,3180,-20.0,-19.83,-5.399,,
3_standard_contraction_seed42,3190,-20.0,-19.69,-6.736,,
3_standard_contraction_seed42,3200,-20.0,-19.86,-5.175,0.0,5.85
3_standard_contraction_seed42,3210,-20.0,-19.79,-7.342,,
3_standard_contraction_seed42,3220,-20.0,-19.78,-7.024,,
3_standard_contraction_seed42,3230,-20.0,-19.82,-6.443,,
3_standard_contraction_seed42,3240,-20.0,-19.75,-7.34,,
3_standard_contraction_seed42,3250,-20.0,-19.74,-6.757,0.0,5.85
3_standard_contraction_seed42,3260,-20.0,-19.64,-7.607,,
3_standard_contraction_seed42,3270,-20.0,-19.78,-7.343,,
3_standard_contraction_seed42,3280,-20.0,-19.83,-6.15,,
3_standard_contraction_seed42,3290,-20.0,-19.79,-7.052,,
3_standard_contraction_seed42,3300,-20.0,-19.8,-6.098,0.0,5.85
3_standard_contraction_seed42,3310,-20.0,-19.82,-5.792,,
3_standard_contraction_seed42,3320,-20.0,-19.77,-6.764,,
3_standard_contraction_seed42,3330,-20.0,-19.76,-6.702,,
3_standard_contraction_seed42,3340,-20.0,-19.79,-6.432,,
3_standard_contraction_seed42,3350,-20.0,-19.74,-6.394,0.0,5.85
3_standard_contraction_seed42,3360,-20.0,-19.8,-6.137,,
3_standard_contraction_seed42,3370,-20.0,-19.85,-5.176,,
3_standard_contraction_seed42,3380,-20.0,-19.79,-6.688,,
3_standard_contraction_seed42,3390,-20.0,-19.75,-7.037,,
3_standard_contraction_seed42,3400,-20.0,-19.76,-6.726,0.0,5.85
3_standard_contraction_seed42,3410,-20.0,-19.79,-6.677,,
3_standard_contraction_seed42,3420,-20.0,-19.79,-5.456,,
3_standard_contraction_seed42,3430,-20.0,-19.84,-5.462,,
3_standard_contraction_seed42,3440,-20.0,-19.77,-6.431,,
3_standard_contraction_seed42,3450,-20.0,-19.84,-4.877,0.0,5.85
3_standard_contraction_seed42,3460,-20.0,-19.85,-6.12,,
3_standard_contraction_seed42,3470,-20.0,-19.84,-6.39,,
3_standard_contraction_seed42,3480,-20.0,-19.77,-6.051,,
3_standard_contraction_seed42,3490,-20.0,-19.78,-6.044,,
3_standard_contraction_seed42,3500,-20.0,-19.82,-6.707,0.0,5.85
3_standard_contraction_seed42,3510,-20.0,-19.79,-5.499,,
3_standard_contraction_seed42,3520,-20.0,-19.77,-6.415,,
3_standard_contraction_seed42,3530,-20.0,-19.76,-7.035,,
3_standard_contraction_seed42,3540,-20.0,-19.73,-6.013,,
3_standard_contraction_seed42,3550,-20.0,-19.81,-7.369,0.0,5.85
3_standard_contraction_seed42,3560,-20.0,-19.82,-6.113,,
3_standard_contraction_seed42,3570,-20.0,-19.77,-4.858,,
3_standard_contraction_seed42,3580,-20.0,-19.8,-6.39,,
3_standard_contraction_seed42,3590,-20.0,-19.8,-6.33,,
3_standard_contraction_seed42,3600,-20.0,-19.8,-6.708,0.0,5.85
3_standard_contraction_seed42,3610,-20.0,-19.72,-8.245,,
3_standard_contraction_seed42,3620,-20.0,-19.74,-7.66,,
3_standard_contraction_seed42,3630,-20.0,-19.75,-7.017,,
3_standard_contraction_seed42,3640,-20.0,-19.82,-5.203,,
3_standard_contraction_seed42,3650,-20.0,-19.73,-5.788,0.0,5.85
3_standard_contraction_seed42,3660,-20.0,-19.8,-6.421,,
3_standard_contraction_seed42,3670,-20.0,-19.85,-5.812,,
3_standard_contraction_seed42,3680,-20.0,-19.86,-3.906,,
3_standard_contraction_seed42,3690,-20.0,-19.86,-5.475,,
3_standard_contraction_seed42,3700,-20.0,-19.73,-7.038,0.0,5.85
3_standard_contraction_seed42,3710,-20.0,-19.78,-6.46,,
3_standard_contraction_seed42,3720,-20.0,-19.85,-5.536,,
3_standard_contraction_seed42,3730,-20.0,-19.84,-5.168,,
3_standard_contraction_seed42,3740,-20.0,-19.82,-6.729,,
3_standard_contraction_seed42,3750,-20.0,-19.76,-6.126,0.0,5.85
3_standard_contraction_seed42,3760,-20.0,-19.8,-6.098,,
3_standard_contraction_seed42,3770,-20.0,-19.8,-6.386,,
3_standard_contraction_seed42,3780,-20.0,-19.85,-6.328,,
3_standard_contraction_seed42,3790,-20.0,-19.77,-7.379,,
3_standard_contraction_seed42,3800,-20.0,-19.81,-6.011,0.0,5.85
3_standard_contraction_seed42,3810,-20.0,-19.84,-5.815,,
3_standard_contraction_seed42,3820,-20.0,-19.77,-6.168,,
3_standard_contraction_seed42,3830,-20.0,-19.8,-7.332,,
3_standard_contraction_seed42,3840,-20.0,-19.84,-5.752,,
3_standard_contraction_seed42,3850,-20.0,-19.8,-6.12,0.0,5.85
3_standard_contraction_seed42,3860,-20.0,-19.77,-6.44,,
3_standard_contraction_seed42,3870,-20.0,-19.73,-7.049,,
3_standard_contraction_seed42,3880,-20.0,-19.85,-5.864,,
3_standard_contraction_seed42,3890,-20.0,-19.71,-7.672,,
3_standard_contraction_seed42,3900,-20.0,-19.82,-7.012,0.0,5.85
3_standard_contraction_seed42,3910,-20.0,-19.81,-5.533,,
3_standard_contraction_seed42,3920,-20.0,-19.75,-7.715,,
3_standard_contraction_seed42,3930,-20.0,-19.69,-7.646,,
3_standard_contraction_seed42,3940,-20.0,-19.74,-7.389,,
3_standard_contraction_seed42,3950,-20.0,-19.75,-7.072,0.0,5.85
3_standard_contraction_seed42,3960,-20.0,-19.7,-8.594,,
3_standard_contraction_seed42,3970,-20.0,-19.75,-7.649,,
3_standard_contraction_seed42,3980,-20.0,-19.84,-6.735,,
3_standard_contraction_seed42,3990,-20.0,-19.78,-5.817,,
3_standard_contraction_seed42,4000,-20.0,-19.79,-7.081,0.0,5.85
3_standard_contraction_seed42,4010,-20.0,-19.79,-5.784,,
3_standard_contraction_seed42,4020,-20.0,-19.74,-6.142,,
3_standard_contraction_seed42,4030,-20.0,-19.76,-6.156,,
3_standard_contraction_seed42,4040,-20.0,-19.85,-4.198,,
3_standard_contraction_seed42,4050,-20.0,-19.85,-6.703,0.0,5.85
3_standard_contraction_seed42,4060,-20.0,-19.81,-7.034,,
3_standard_contraction_seed42,4070,-20.0,-19.66,-8.033,,
3_standard_contraction_seed42,4080,-20.0,-19.77,-7.042,,
3_standard_contraction_seed42,4090,-20.0,-19.75,-7.327,,
3_standard_contraction_seed42,4100,-20.0,-19.77,-6.424,0.0,5.85
3_standard_contraction_seed42,4110,-20.0,-19.75,-7.045,,
3_standard_contraction_seed42,4120,-20.0,-19.73,-7.339,,
3_standard_contraction_seed42,4130,-20.0,-19.83,-7.093,,
3_standard_contraction_seed42,4140,-20.0,-19.75,-7.049,,
3_standard_contraction_seed42,4150,-20.0,-19.74,-7.04,0.0,5.85
3_standard_contraction_seed42,4160,-20.0,-19.83,-5.804,,
3_standard_contraction_seed42,4170,-20.0,-19.69,-7.337,,
3_standard_contraction_seed42,4180,-20.0,-19.81,-6.428,,
3_standard_contraction_seed42,4190,-20.0,-19.81,-6.083,,
3_standard_contraction_seed42,4200,-20.0,-19.76,-6.738,0.0,5.85
3_standard_contraction_seed42,4210,-20.0,-19.77,-7.371,,
3_standard_contraction_seed42,4220,-20.0,-19.68,-8.001,,
3_standard_contraction_seed42,4230,-20.0,-19.81,-5.532,,
3_standard_contraction_seed42,4240,-20.0,-19.82,-6.728,,
3_standard_contraction_seed42,4250,-20.0,-19.82,-7.072,0.0,5.85
3_standard_contraction_seed42,4260,-20.0,-19.77,-5.824,,
3_standard_contraction_seed42,4270,-20.0,-19.79,-6.169,,
3_standard_contraction_seed42,4280,-20.0,-19.86,-5.161,,
3_standard_contraction_seed42,4290,-20.0,-19.8,-6.446,,
3_standard_contraction_seed42,4300,-20.0,-19.79,-6.41,0.0,5.85
3_standard_contraction_seed42,4310,-20.0,-19.79,-6.473,,
3_standard_contraction_seed42,4320,-20.0,-19.74,-6.093,,
3_standard_contraction_seed42,4330,-20.0,-19.79,-7.325,,
3_standard_contraction_seed42,4340,-20.0,-19.81,-6.735,,
3_standard_contraction_seed42,4350,-20.0,-19.82,-5.832,0.0,5.85
3_standard_contraction_seed42,4360,-20.0,-19.75,-6.404,,
3_standard_contraction_seed42,4370,-20.0,-19.79,-6.734,,
3_standard_contraction_seed42,4380,-20.0,-19.75,-7.303,,
3_standard_contraction_seed42,4390,-20.0,-19.85,-4.886,,
3_standard_contraction_seed42,4400,-20.0,-19.75,-6.715,0.0,5.85
3_standard_contraction_seed42,4410,-20.0,-19.79,-6.731,,
3_standard_contraction_seed42,4420,-20.0,-19.74,-6.49,,
3_standard_contraction_seed42,4430,-20.0,-19.8,-5.479,,
3_standard_contraction_seed42,4440,-20.0,-19.84,-5.463,,
3_standard_contraction_seed42,4450,-20.0,-19.8,-6.759,0.0,5.85
3_standard_contraction_seed42,4460,-20.0,-19.75,-8.007,,
3_standard_contraction_seed42,4470,-20.0,-19.78,-7.695,,
3_standard_contraction_seed42,4480,-20.0,-19.82,-5.836,,
3_standard_contraction_seed42,4490,-20.0,-19.78,-6.426,,
3_standard_contraction_seed42,4500,-20.0,-19.79,-6.735,0.0,5.85
3_standard_contraction_seed42,4510,-20.0,-19.84,-5.47,,
3_standard_contraction_seed42,4520,-20.0,-19.85,-6.463,,
3_standard_contraction_seed42,4530,-20.0,-19.85,-3.924,,
3_standard_contraction_seed42,4540,-20.0,-19.86,-5.504,,
3_standard_contraction_seed42,4550,-20.0,-19.83,-6.417,0.0,5.85
3_standard_contraction_seed42,4560,-20.0,-19.82,-5.756,,
3_standard_contraction_seed42,4570,-20.0,-19.86,-5.435,,
3_standard_contraction_seed42,4580,-20.0,-19.81,-6.465,,
3_standard_contraction_seed42,4590,-20.0,-19.86,-6.429,,
3_standard_contraction_seed42,4600,-20.0,-19.77,-7.049,0.0,5.85
3_standard_contraction_seed42,4610,-20.0,-19.81,-5.804,,
3_standard_contraction_seed42,4620,-20.0,-19.81,-5.482,,
3_standard_contraction_seed42,4630,-20.0,-19.73,-8.897,,
3_standard_contraction_seed42,4640,-20.0,-19.83,-4.844,,
3_standard_contraction_seed42,4650,-20.0,-19.72,-7.696,0.0,5.85
3_standard_contraction_seed42,4660,-20.0,-19.78,-7.37,,
3_standard_contraction_seed42,4670,-20.0,-19.71,-6.108,,
3_standard_contraction_seed42,4680,-20.0,-19.88,-4.025,,
3_standard_contraction_seed42,4690,-20.0,-19.81,-5.76,,
3_standard_contraction_seed42,4700,-20.0,-19.79,-6.118,0.0,5.85
3_standard_contraction_seed42,4710,-20.0,-19.8,-4.867,,
3_standard_contraction_seed42,4720,-20.0,-19.78,-6.432,,
3_standard_contraction_seed42,4730,-20.0,-19.77,-7.069,,
3_standard_contraction_seed42,4740,-20.0,-19.86,-5.805,,
3_standard_contraction_seed42,4750,-20.0,-19.82,-5.533,0.0,5.85
3_standard_contraction_seed42,4760,-20.0,-19.84,-5.516,,
3_standard_contraction_seed42,4770,-20.0,-19.81,-7.052,,
3_standard_contraction_seed42,4780,-20.0,-19.87,-4.849,,
3_standard_contraction_seed42,4790,-20.0,-19.77,-5.533,,
3_standard_contraction_seed42,4800,-20.0,-19.78,-5.788,0.0,5.85
3_standard_contraction_seed42,4810,-20.0,-19.82,-5.166,,
3_standard_contraction_seed42,4820,-20.0,-19.81,-5.789,,
3_standard_contraction_seed42,4830,-20.0,-19.84,-4.539,,
3_standard_contraction_seed42,4840,-20.0,-19.76,-6.741,,
3_standard_contraction_seed42,4850,-20.0,-19.78,-5.692,0.0,5.85
3_standard_contraction_seed42,4860,-20.0,-19.82,-6.001,,
3_standard_contraction_seed42,4870,-20.0,-19.85,-6.123,,
3_standard_contraction_seed42,4880,-20.0,-19.85,-5.165,,
3_standard_contraction_seed42,4890,-20.0,-19.82,-5.494,,
3_standard_contraction_seed42,4900,-20.0,-19.8,-5.794,0.0,5.85
3_standard_contraction_seed42,4910,-20.0,-19.81,-6.729,,
3_standard_contraction_seed42,4920,-20.0,-19.89,-5.728,,
3_standard_contraction_seed42,4930,-20.0,-19.81,-6.756,,
3_standard_contraction_seed42,4940,-20.0,-19.82,-5.113,,
3_standard_contraction_seed42,4950,-20.0,-19.84,-6.426,0.0,5.85
3_standard_contraction_seed42,4960,-20.0,-19.79,-5.719,,
3_standard_contraction_seed42,4970,-20.0,-19.79,-6.754,,
3_standard_contraction_seed42,4980,-20.0,-19.78,-6.117,,
3_standard_contraction_seed42,4990,-20.0,-19.81,-5.463,,
3_standard_contraction_seed42,5000,-20.0,-19.9,-6.147,0.0,5.85
