algorithm,seed,step,success_rate,mean_score,solved_count,total_episodes,filled_mean,violations_mean,zero_cand_mean
ppo_tuned,42,100,0.12,10.84,,,14.7,1.78,0.06
ppo_tuned,42,200,0.18,11.42,,,14.66,1.32,0.12
ppo_tuned,42,300,0.16,11.06,,,14.78,1.66,0.08
ppo_tuned,42,400,0.12,10.88,,,14.66,1.74,0.06
ppo_tuned,42,500,0.18,10.88,,,14.9,1.76,0.1
ppo_tuned,42,600,0.18,10.58,,,14.74,1.78,0.12
ppo_tuned,42,700,0.2,11.76,,,14.76,1.3,0.08
ppo_tuned,42,800,0.2,10.98,,,14.72,1.52,0.14
ppo_tuned,42,900,0.2,11.58,,,14.76,1.44,0.06
ppo_tuned,42,1000,0.18,10.56,,,14.74,1.94,0.06
ppo_tuned,42,1100,0.22,11.18,,,14.74,1.38,0.16
ppo_tuned,42,1200,0.2,10.7,,,14.82,1.96,0.04
ppo_tuned,42,1300,0.12,10.48,,,14.74,1.98,0.06
ppo_tuned,42,1400,0.2,11.18,,,14.8,1.66,0.06
ppo_tuned,42,1500,0.2,11.14,,,14.78,1.62,0.08
ppo_tuned,42,1600,0.08,10.62,,,14.72,1.9,0.06
ppo_tuned,42,1700,0.2,11.44,,,14.7,1.38,0.1
ppo_tuned,42,1800,0.22,10.64,,,14.74,1.9,0.06
ppo_tuned,42,1900,0.24,11.62,,,14.76,1.32,0.1
ppo_tuned,42,2000,0.24,11.72,,,14.7,1.24,0.1
ppo_tuned,42,2100,0.2,11.58,,,14.74,1.38,0.08
ppo_tuned,42,2200,0.24,12.24,,,14.78,1.12,0.06
ppo_tuned,42,2300,0.12,11.44,,,14.74,1.5,0.06
ppo_tuned,42,2400,0.24,11.94,,,14.76,1.16,0.1
ppo_tuned,42,2500,0.18,11.62,,,14.84,1.46,0.06
ppo_tuned,42,2600,0.18,11.28,,,14.76,1.54,0.08
ppo_tuned,42,2700,0.2,12.4,,,14.72,1.06,0.04
ppo_tuned,42,2800,0.2,12.14,,,14.68,1.12,0.06
ppo_tuned,42,2900,0.16,11.42,,,14.68,1.38,0.1
ppo_tuned,42,3000,0.18,11.42,,,14.7,1.34,0.12
ppo_tuned,42,3100,0.1,10.94,,,14.76,1.76,0.06
ppo_tuned,42,3200,0.2,11.86,,,14.7,1.22,0.08
ppo_tuned,42,3300,0.2,12.24,,,14.78,1.12,0.06
ppo_tuned,42,3400,0.14,11.64,,,14.76,1.46,0.04
ppo_tuned,42,3500,0.16,11.4,,,14.7,1.4,0.1
ppo_tuned,42,3600,0.22,11.96,,,14.66,1.1,0.1
ppo_tuned,42,3700,0.2,12.38,,,14.7,0.96,0.08
ppo_tuned,42,3800,0.24,12.62,,,14.7,0.84,0.08
ppo_tuned,42,3900,0.2,11.88,,,14.72,1.12,0.12
ppo_tuned,42,4000,0.22,11.82,,,14.84,1.46,0.02
ppo_tuned,42,4100,0.2,12.08,,,14.68,1.2,0.04
ppo_tuned,42,4200,0.2,12.16,,,14.72,1.08,0.08
ppo_tuned,42,4300,0.18,11.52,,,14.74,1.46,0.06
ppo_tuned,42,4400,0.18,11.36,,,14.72,1.48,0.08
ppo_tuned,42,4500,0.2,12.04,,,14.72,1.24,0.04
ppo_tuned,42,4600,0.2,11.62,,,14.72,1.4,0.06
ppo_tuned,42,4700,0.18,11.7,,,14.74,1.32,0.08
ppo_tuned,42,4800,0.16,11.46,,,14.76,1.4,0.1
ppo_tuned,42,4900,0.18,11.74,,,14.7,1.28,0.08
ppo_tuned,42,5000,0.2,12.24,,,14.7,1.18,0.02
a2c_tuned,42,100,0.1,10.3,,,14.64,1.82,0.14
a2c_tuned,42,200,0.06,10.5,,,14.66,1.98,0.04
a2c_tuned,42,300,0.12,10.68,,,14.68,1.7,0.12
a2c_tuned,42,400,0.12,10.78,,,14.64,1.78,0.06
a2c_tuned,42,500,0.12,10.24,,,14.64,2.0,0.08
a2c_tuned,42,600,0.14,10.68,,,14.64,1.78,0.08
a2c_tuned,42,700,0.16,11.06,,,14.66,1.6,0.08
a2c_tuned,42,800,0.2,10.94,,,14.68,1.62,0.1
a2c_tuned,42,900,0.2,10.7,,,14.76,1.58,0.18
a2c_tuned,42,1000,0.2,10.98,,,14.72,1.72,0.06
a2c_tuned,42,1100,0.18,11.22,,,14.72,1.5,0.1
a2c_tuned,42,1200,0.14,11.22,,,14.72,1.6,0.06
a2c_tuned,42,1300,0.14,11.08,,,14.66,1.54,0.1
a2c_tuned,42,1400,0.18,11.48,,,14.76,1.44,0.08
a2c_tuned,42,1500,0.2,11.72,,,14.78,1.38,0.06
a2c_tuned,42,1600,0.2,11.16,,,14.74,1.54,0.1
a2c_tuned,42,1700,0.14,11.9,,,14.7,1.3,0.04
a2c_tuned,42,1800,0.24,12.4,,,14.72,0.96,0.08
a2c_tuned,42,1900,0.18,11.56,,,14.72,1.38,0.08
a2c_tuned,42,2000,0.2,12.06,,,14.68,1.16,0.06
a2c_tuned,42,2100,0.22,12.16,,,14.7,1.12,0.06
a2c_tuned,42,2200,0.22,12.74,,,14.7,0.78,0.08
a2c_tuned,42,2300,0.18,12.4,,,14.7,0.9,0.1
a2c_tuned,42,2400,0.16,11.52,,,14.7,1.34,0.1
a2c_tuned,42,2500,0.18,12.42,,,14.68,0.98,0.06
a2c_tuned,42,2600,0.2,12.48,,,14.74,0.98,0.06
a2c_tuned,42,2700,0.2,12.88,,,14.72,0.82,0.04
a2c_tuned,42,2800,0.26,13.2,,,14.68,0.64,0.04
a2c_tuned,42,2900,0.26,13.2,,,14.72,0.66,0.04
a2c_tuned,42,3000,0.24,13.14,,,14.72,0.64,0.06
a2c_tuned,42,3100,0.26,13.32,,,14.7,0.54,0.06
a2c_tuned,42,3200,0.36,13.06,,,14.74,0.54,0.12
a2c_tuned,42,3300,0.32,13.14,,,14.76,0.66,0.06
a2c_tuned,42,3400,0.28,13.0,,,14.74,0.82,0.02
a2c_tuned,42,3500,0.28,13.1,,,14.68,0.64,0.06
a2c_tuned,42,3600,0.26,12.52,,,14.68,0.78,0.12
a2c_tuned,42,3700,0.28,12.78,,,14.7,0.86,0.04
a2c_tuned,42,3800,0.24,13.16,,,14.68,0.56,0.08
a2c_tuned,42,3900,0.28,13.5,,,14.7,0.5,0.04
a2c_tuned,42,4000,0.28,13.14,,,14.72,0.64,0.06
a2c_tuned,42,4100,0.3,13.62,,,14.74,0.46,0.04
a2c_tuned,42,4200,0.28,13.28,,,14.72,0.42,0.12
a2c_tuned,42,4300,0.24,13.66,,,14.74,0.44,0.04
a2c_tuned,42,4400,0.22,13.18,,,14.74,0.58,0.08
a2c_tuned,42,4500,0.22,13.1,,,14.76,0.68,0.06
a2c_tuned,42,4600,0.24,13.3,,,14.72,0.66,0.02
a2c_tuned,42,4700,0.2,13.08,,,14.78,0.7,0.06
a2c_tuned,42,4800,0.24,13.48,,,14.8,0.56,0.04
a2c_tuned,42,4900,0.22,13.3,,,14.74,0.62,0.04
a2c_tuned,42,5000,0.24,13.48,,,14.78,0.6,0.02
dqn_tuned,42,100,0.08,10.2,,,14.74,2.22,0.02
dqn_tuned,42,200,0.12,10.06,,,14.78,2.36,0.0
dqn_tuned,42,300,0.12,10.12,,,14.78,2.28,0.02
dqn_tuned,42,400,0.18,10.4,,,14.86,2.18,0.02
dqn_tuned,42,500,0.08,9.3,,,14.84,2.72,0.02
dqn_tuned,42,600,0.1,9.82,,,14.9,2.44,0.04
dqn_tuned,42,700,0.04,9.7,,,14.88,2.54,0.02
dqn_tuned,42,800,0.08,10.0,,,14.82,2.36,0.02
dqn_tuned,42,900,0.1,9.52,,,14.82,2.5,0.06
dqn_tuned,42,1000,0.1,9.86,,,14.8,2.32,0.06
dqn_tuned,42,1100,0.08,9.58,,,14.8,2.46,0.06
dqn_tuned,42,1200,0.1,9.6,,,14.82,2.36,0.1
dqn_tuned,42,1300,0.12,9.2,,,14.9,2.6,0.1
dqn_tuned,42,1400,0.08,9.3,,,14.94,2.72,0.04
dqn_tuned,42,1500,0.12,9.4,,,14.92,2.56,0.08
dqn_tuned,42,1600,0.1,9.44,,,14.82,2.44,0.1
dqn_tuned,42,1700,0.14,9.46,,,14.86,2.4,0.12
dqn_tuned,42,1800,0.12,8.9,,,14.9,2.6,0.16
dqn_tuned,42,1900,0.12,9.36,,,14.82,2.48,0.1
dqn_tuned,42,2000,0.1,8.74,,,14.98,2.82,0.12
dqn_tuned,42,2100,0.08,9.26,,,14.86,2.5,0.12
dqn_tuned,42,2200,0.06,8.78,,,14.86,2.64,0.16
dqn_tuned,42,2300,0.08,9.42,,,14.84,2.46,0.1
dqn_tuned,42,2400,0.06,9.44,,,14.9,2.48,0.1
dqn_tuned,42,2500,0.08,9.44,,,14.84,2.5,0.08
dqn_tuned,42,2600,0.08,8.96,,,14.86,2.6,0.14
dqn_tuned,42,2700,0.1,9.28,,,14.86,2.44,0.14
dqn_tuned,42,2800,0.06,9.32,,,14.82,2.5,0.1
dqn_tuned,42,2900,0.08,9.18,,,14.88,2.6,0.1
dqn_tuned,42,3000,0.04,9.38,,,14.8,2.46,0.1
dqn_tuned,42,3100,0.08,9.66,,,14.82,2.28,0.12
dqn_tuned,42,3200,0.08,9.36,,,14.88,2.56,0.08
dqn_tuned,42,3300,0.1,9.66,,,14.82,2.28,0.12
dqn_tuned,42,3400,0.12,9.22,,,14.84,2.56,0.1
dqn_tuned,42,3500,0.14,9.78,,,14.8,2.26,0.1
dqn_tuned,42,3600,0.1,9.2,,,14.9,2.5,0.14
dqn_tuned,42,3700,0.04,9.24,,,14.76,2.36,0.16
dqn_tuned,42,3800,0.04,8.56,,,14.8,2.72,0.16
dqn_tuned,42,3900,0.08,8.88,,,14.98,2.8,0.1
dqn_tuned,42,4000,0.06,8.98,,,14.9,2.66,0.12
dqn_tuned,42,4100,0.08,9.56,,,14.74,2.24,0.14
dqn_tuned,42,4200,0.1,9.3,,,14.78,2.34,0.16
dqn_tuned,42,4300,0.1,9.1,,,14.86,2.58,0.12
dqn_tuned,42,4400,0.06,9.36,,,14.78,2.36,0.14
dqn_tuned,42,4500,0.08,9.44,,,14.78,2.32,0.14
dqn_tuned,42,4600,0.06,9.1,,,14.84,2.52,0.14
dqn_tuned,42,4700,0.06,8.84,,,14.82,2.64,0.14
dqn_tuned,42,4800,0.06,9.14,,,14.76,2.46,0.14
dqn_tuned,42,4900,0.06,9.08,,,14.74,2.38,0.18
dqn_tuned,42,5000,0.04,8.72,,,14.8,2.64,0.16
